Year,Projection,SEP_Date
2012,0.25,2012-01-25
2012,0.25,2012-01-25
2012,0.25,2012-01-25
2012,0.25,2012-01-25
2012,0.25,2012-01-25
2012,0.25,2012-01-25
2012,0.25,2012-01-25
2012,0.25,2012-01-25
2012,0.25,2012-01-25
2012,0.25,2012-01-25
2012,0.25,2012-01-25
2012,0.25,2012-01-25
2012,0.25,2012-01-25
2012,0.25,2012-01-25
2012,0.5,2012-01-25
2012,1.0,2012-01-25
2013,0.25,2012-01-25
2013,0.25,2012-01-25
2013,0.25,2012-01-25
2013,0.25,2012-01-25
2013,0.25,2012-01-25
2013,0.25,2012-01-25
2013,0.25,2012-01-25
2013,0.25,2012-01-25
2013,0.25,2012-01-25
2013,0.25,2012-01-25
2013,0.25,2012-01-25
2013,0.5,2012-01-25
2013,0.75,2012-01-25
2013,0.75,2012-01-25
2013,1.75,2012-01-25
2013,2.0,2012-01-25
2014,0.25,2012-01-25
2014,0.25,2012-01-25
2014,0.25,2012-01-25
2014,0.25,2012-01-25
2014,0.25,2012-01-25
2014,0.25,2012-01-25
2014,0.5,2012-01-25
2014,0.5,2012-01-25
2014,0.75,2012-01-25
2014,1.0,2012-01-25
2014,1.0,2012-01-25
2014,1.5,2012-01-25
2014,2.0,2012-01-25
2014,2.5,2012-01-25
2014,2.5,2012-01-25
2014,2.5,2012-01-25
2014,2.75,2012-01-25
Longer Run,3.75,2012-01-25
Longer Run,4.0,2012-01-25
Longer Run,4.0,2012-01-25
Longer Run,4.0,2012-01-25
Longer Run,4.0,2012-01-25
Longer Run,4.0,2012-01-25
Longer Run,4.25,2012-01-25
Longer Run,4.25,2012-01-25
Longer Run,4.25,2012-01-25
Longer Run,4.5,2012-01-25
Longer Run,4.5,2012-01-25
Longer Run,4.5,2012-01-25
Longer Run,4.5,2012-01-25
Longer Run,4.5,2012-01-25
Longer Run,4.5,2012-01-25
2012,0.25,2012-04-25
2012,0.25,2012-04-25
2012,0.25,2012-04-25
2012,0.25,2012-04-25
2012,0.25,2012-04-25
2012,0.25,2012-04-25
2012,0.25,2012-04-25
2012,0.25,2012-04-25
2012,0.25,2012-04-25
2012,0.25,2012-04-25
2012,0.25,2012-04-25
2012,0.25,2012-04-25
2012,0.25,2012-04-25
2012,0.25,2012-04-25
2012,0.5,2012-04-25
2012,1.25,2012-04-25
2013,0.25,2012-04-25
2013,0.25,2012-04-25
2013,0.25,2012-04-25
2013,0.25,2012-04-25
2013,0.25,2012-04-25
2013,0.25,2012-04-25
2013,0.25,2012-04-25
2013,0.25,2012-04-25
2013,0.25,2012-04-25
2013,0.25,2012-04-25
2013,0.25,2012-04-25
2013,0.75,2012-04-25
2013,1.0,2012-04-25
2013,1.0,2012-04-25
2013,1.25,2012-04-25
2013,1.75,2012-04-25
2013,1.75,2012-04-25
2014,0.25,2012-04-25
2014,0.25,2012-04-25
2014,0.25,2012-04-25
2014,0.25,2012-04-25
2014,0.5,2012-04-25
2014,0.5,2012-04-25
2014,0.5,2012-04-25
2014,1.0,2012-04-25
2014,1.0,2012-04-25
2014,1.5,2012-04-25
2014,2.0,2012-04-25
2014,2.0,2012-04-25
2014,2.25,2012-04-25
2014,2.5,2012-04-25
2014,2.5,2012-04-25
2014,2.5,2012-04-25
2014,2.75,2012-04-25
Longer Run,3.5,2012-04-25
Longer Run,3.75,2012-04-25
Longer Run,4.0,2012-04-25
Longer Run,4.0,2012-04-25
Longer Run,4.0,2012-04-25
Longer Run,4.0,2012-04-25
Longer Run,4.25,2012-04-25
Longer Run,4.25,2012-04-25
Longer Run,4.5,2012-04-25
Longer Run,4.5,2012-04-25
Longer Run,4.5,2012-04-25
Longer Run,4.5,2012-04-25
Longer Run,4.5,2012-04-25
Longer Run,4.5,2012-04-25
Longer Run,4.5,2012-04-25
2012,0.25,2012-06-20
2012,0.25,2012-06-20
2012,0.25,2012-06-20
2012,0.25,2012-06-20
2012,0.25,2012-06-20
2012,0.25,2012-06-20
2012,0.25,2012-06-20
2012,0.25,2012-06-20
2012,0.25,2012-06-20
2012,0.25,2012-06-20
2012,0.25,2012-06-20
2012,0.25,2012-06-20
2012,0.25,2012-06-20
2012,0.25,2012-06-20
2012,0.25,2012-06-20
2012,0.25,2012-06-20
2012,0.5,2012-06-20
2012,0.5,2012-06-20
2012,0.75,2012-06-20
2013,0.25,2012-06-20
2013,0.25,2012-06-20
2013,0.25,2012-06-20
2013,0.25,2012-06-20
2013,0.25,2012-06-20
2013,0.25,2012-06-20
2013,0.25,2012-06-20
2013,0.25,2012-06-20
2013,0.25,2012-06-20
2013,0.25,2012-06-20
2013,0.25,2012-06-20
2013,0.25,2012-06-20
2013,0.25,2012-06-20
2013,0.5,2012-06-20
2013,0.75,2012-06-20
2013,1.0,2012-06-20
2013,1.25,2012-06-20
2013,1.25,2012-06-20
2013,1.75,2012-06-20
2014,0.25,2012-06-20
2014,0.25,2012-06-20
2014,0.25,2012-06-20
2014,0.25,2012-06-20
2014,0.25,2012-06-20
2014,0.25,2012-06-20
2014,0.5,2012-06-20
2014,0.5,2012-06-20
2014,0.5,2012-06-20
2014,0.5,2012-06-20
2014,0.75,2012-06-20
2014,1.5,2012-06-20
2014,1.5,2012-06-20
2014,1.75,2012-06-20
2014,1.75,2012-06-20
2014,2.0,2012-06-20
2014,2.5,2012-06-20
2014,2.75,2012-06-20
2014,3.0,2012-06-20
Longer Run,3.0,2012-06-20
Longer Run,3.5,2012-06-20
Longer Run,3.75,2012-06-20
Longer Run,4.0,2012-06-20
Longer Run,4.0,2012-06-20
Longer Run,4.0,2012-06-20
Longer Run,4.0,2012-06-20
Longer Run,4.0,2012-06-20
Longer Run,4.0,2012-06-20
Longer Run,4.25,2012-06-20
Longer Run,4.25,2012-06-20
Longer Run,4.25,2012-06-20
Longer Run,4.25,2012-06-20
Longer Run,4.25,2012-06-20
Longer Run,4.5,2012-06-20
Longer Run,4.5,2012-06-20
Longer Run,4.5,2012-06-20
Longer Run,4.5,2012-06-20
Longer Run,4.5,2012-06-20
2012,0.25,2012-09-13
2012,0.25,2012-09-13
2012,0.25,2012-09-13
2012,0.25,2012-09-13
2012,0.25,2012-09-13
2012,0.25,2012-09-13
2012,0.25,2012-09-13
2012,0.25,2012-09-13
2012,0.25,2012-09-13
2012,0.25,2012-09-13
2012,0.25,2012-09-13
2012,0.25,2012-09-13
2012,0.25,2012-09-13
2012,0.25,2012-09-13
2012,0.25,2012-09-13
2012,0.25,2012-09-13
2012,0.25,2012-09-13
2012,0.25,2012-09-13
2012,0.5,2012-09-13
2013,0.25,2012-09-13
2013,0.25,2012-09-13
2013,0.25,2012-09-13
2013,0.25,2012-09-13
2013,0.25,2012-09-13
2013,0.25,2012-09-13
2013,0.25,2012-09-13
2013,0.25,2012-09-13
2013,0.25,2012-09-13
2013,0.25,2012-09-13
2013,0.25,2012-09-13
2013,0.25,2012-09-13
2013,0.25,2012-09-13
2013,0.25,2012-09-13
2013,0.25,2012-09-13
2013,0.5,2012-09-13
2013,0.5,2012-09-13
2013,0.75,2012-09-13
2013,1.75,2012-09-13
2014,0.25,2012-09-13
2014,0.25,2012-09-13
2014,0.25,2012-09-13
2014,0.25,2012-09-13
2014,0.25,2012-09-13
2014,0.25,2012-09-13
2014,0.25,2012-09-13
2014,0.25,2012-09-13
2014,0.25,2012-09-13
2014,0.25,2012-09-13
2014,0.25,2012-09-13
2014,0.25,2012-09-13
2014,0.25,2012-09-13
2014,1.5,2012-09-13
2014,1.5,2012-09-13
2014,1.75,2012-09-13
2014,1.75,2012-09-13
2014,2.5,2012-09-13
2014,3.0,2012-09-13
2015,0.25,2012-09-13
2015,0.5,2012-09-13
2015,0.5,2012-09-13
2015,0.75,2012-09-13
2015,0.75,2012-09-13
2015,0.75,2012-09-13
2015,1.0,2012-09-13
2015,1.0,2012-09-13
2015,1.0,2012-09-13
2015,1.0,2012-09-13
2015,1.5,2012-09-13
2015,2.5,2012-09-13
2015,2.5,2012-09-13
2015,3.5,2012-09-13
2015,3.75,2012-09-13
2015,4.0,2012-09-13
2015,4.5,2012-09-13
Longer Run,3.0,2012-09-13
Longer Run,3.5,2012-09-13
Longer Run,3.75,2012-09-13
Longer Run,4.0,2012-09-13
Longer Run,4.25,2012-09-13
Longer Run,4.5,2012-09-13
2012,0.25,2012-12-12
2012,0.25,2012-12-12
2012,0.25,2012-12-12
2012,0.25,2012-12-12
2012,0.25,2012-12-12
2012,0.25,2012-12-12
2012,0.25,2012-12-12
2012,0.25,2012-12-12
2012,0.25,2012-12-12
2012,0.25,2012-12-12
2013,0.25,2012-12-12
2013,0.25,2012-12-12
2013,0.25,2012-12-12
2013,0.25,2012-12-12
2013,0.25,2012-12-12
2013,0.25,2012-12-12
2013,0.25,2012-12-12
2013,0.25,2012-12-12
2013,0.25,2012-12-12
2013,0.25,2012-12-12
2013,0.5,2012-12-12
2013,1.0,2012-12-12
2014,0.25,2012-12-12
2014,0.25,2012-12-12
2014,0.25,2012-12-12
2014,0.25,2012-12-12
2014,0.25,2012-12-12
2014,0.25,2012-12-12
2014,0.25,2012-12-12
2014,0.25,2012-12-12
2014,0.5,2012-12-12
2014,1.5,2012-12-12
2014,1.75,2012-12-12
2014,2.75,2012-12-12
2015,0.25,2012-12-12
2015,0.5,2012-12-12
2015,0.5,2012-12-12
2015,0.5,2012-12-12
2015,0.75,2012-12-12
2015,1.0,2012-12-12
2015,1.25,2012-12-12
2015,2.0,2012-12-12
2015,2.5,2012-12-12
2015,3.5,2012-12-12
2015,3.75,2012-12-12
2015,4.5,2012-12-12
Longer Run,3.0,2012-12-12
Longer Run,3.5,2012-12-12
Longer Run,3.75,2012-12-12
Longer Run,4.0,2012-12-12
Longer Run,4.25,2012-12-12
Longer Run,4.5,2012-12-12
2013,0.25,2013-03-20
2013,0.25,2013-03-20
2013,0.25,2013-03-20
2013,0.25,2013-03-20
2013,0.25,2013-03-20
2013,0.25,2013-03-20
2013,0.25,2013-03-20
2013,0.25,2013-03-20
2013,0.25,2013-03-20
2013,0.25,2013-03-20
2013,0.25,2013-03-20
2013,0.25,2013-03-20
2013,0.25,2013-03-20
2013,0.25,2013-03-20
2013,0.25,2013-03-20
2013,0.25,2013-03-20
2013,0.25,2013-03-20
2013,0.25,2013-03-20
2013,1.0,2013-03-20
2014,0.25,2013-03-20
2014,0.25,2013-03-20
2014,0.25,2013-03-20
2014,0.25,2013-03-20
2014,0.25,2013-03-20
2014,0.25,2013-03-20
2014,0.25,2013-03-20
2014,0.25,2013-03-20
2014,0.25,2013-03-20
2014,0.25,2013-03-20
2014,0.25,2013-03-20
2014,0.25,2013-03-20
2014,0.25,2013-03-20
2014,0.25,2013-03-20
2014,0.5,2013-03-20
2014,1.0,2013-03-20
2014,1.0,2013-03-20
2014,1.75,2013-03-20
2014,2.75,2013-03-20
2015,0.25,2013-03-20
2015,0.5,2013-03-20
2015,0.5,2013-03-20
2015,0.5,2013-03-20
2015,0.5,2013-03-20
2015,0.5,2013-03-20
2015,0.5,2013-03-20
2015,0.5,2013-03-20
2015,0.75,2013-03-20
2015,1.0,2013-03-20
2015,1.0,2013-03-20
2015,1.25,2013-03-20
2015,1.25,2013-03-20
2015,1.25,2013-03-20
2015,1.25,2013-03-20
2015,2.0,2013-03-20
2015,3.0,2013-03-20
2015,3.75,2013-03-20
2015,4.5,2013-03-20
Longer Run,3.25,2013-03-20
Longer Run,3.5,2013-03-20
Longer Run,3.5,2013-03-20
Longer Run,3.75,2013-03-20
Longer Run,4.0,2013-03-20
Longer Run,4.0,2013-03-20
Longer Run,4.0,2013-03-20
Longer Run,4.0,2013-03-20
Longer Run,4.0,2013-03-20
Longer Run,4.0,2013-03-20
Longer Run,4.0,2013-03-20
Longer Run,4.0,2013-03-20
Longer Run,4.0,2013-03-20
Longer Run,4.25,2013-03-20
Longer Run,4.25,2013-03-20
Longer Run,4.25,2013-03-20
Longer Run,4.5,2013-03-20
Longer Run,4.5,2013-03-20
Longer Run,4.5,2013-03-20
2013,0.25,2013-06-19
2013,0.25,2013-06-19
2013,0.25,2013-06-19
2013,0.25,2013-06-19
2013,0.25,2013-06-19
2013,0.25,2013-06-19
2013,0.25,2013-06-19
2013,0.25,2013-06-19
2013,0.25,2013-06-19
2013,0.25,2013-06-19
2013,0.25,2013-06-19
2013,0.25,2013-06-19
2013,0.25,2013-06-19
2013,0.25,2013-06-19
2013,0.25,2013-06-19
2013,0.25,2013-06-19
2013,0.25,2013-06-19
2013,0.25,2013-06-19
2013,0.5,2013-06-19
2014,0.25,2013-06-19
2014,0.25,2013-06-19
2014,0.25,2013-06-19
2014,0.25,2013-06-19
2014,0.25,2013-06-19
2014,0.25,2013-06-19
2014,0.25,2013-06-19
2014,0.25,2013-06-19
2014,0.25,2013-06-19
2014,0.25,2013-06-19
2014,0.25,2013-06-19
2014,0.25,2013-06-19
2014,0.25,2013-06-19
2014,0.25,2013-06-19
2014,0.25,2013-06-19
2014,1.0,2013-06-19
2014,1.0,2013-06-19
2014,1.0,2013-06-19
2014,1.5,2013-06-19
2015,0.25,2013-06-19
2015,0.5,2013-06-19
2015,0.5,2013-06-19
2015,0.75,2013-06-19
2015,0.75,2013-06-19
2015,0.75,2013-06-19
2015,1.0,2013-06-19
2015,1.0,2013-06-19
2015,1.0,2013-06-19
2015,1.0,2013-06-19
2015,1.25,2013-06-19
2015,1.25,2013-06-19
2015,1.5,2013-06-19
2015,1.5,2013-06-19
2015,1.5,2013-06-19
2015,2.0,2013-06-19
2015,3.0,2013-06-19
2015,3.0,2013-06-19
2015,3.0,2013-06-19
Longer Run,3.25,2013-06-19
Longer Run,3.5,2013-06-19
Longer Run,3.5,2013-06-19
Longer Run,3.75,2013-06-19
Longer Run,4.0,2013-06-19
Longer Run,4.0,2013-06-19
Longer Run,4.0,2013-06-19
Longer Run,4.0,2013-06-19
Longer Run,4.0,2013-06-19
Longer Run,4.0,2013-06-19
Longer Run,4.0,2013-06-19
Longer Run,4.0,2013-06-19
Longer Run,4.0,2013-06-19
Longer Run,4.25,2013-06-19
Longer Run,4.25,2013-06-19
Longer Run,4.25,2013-06-19
Longer Run,4.5,2013-06-19
Longer Run,4.5,2013-06-19
Longer Run,4.5,2013-06-19
2013,0.25,2013-09-18
2013,0.25,2013-09-18
2013,0.25,2013-09-18
2013,0.25,2013-09-18
2013,0.25,2013-09-18
2013,0.25,2013-09-18
2013,0.25,2013-09-18
2013,0.25,2013-09-18
2013,0.25,2013-09-18
2013,0.25,2013-09-18
2013,0.25,2013-09-18
2013,0.25,2013-09-18
2013,0.25,2013-09-18
2013,0.25,2013-09-18
2013,0.25,2013-09-18
2013,0.25,2013-09-18
2013,0.25,2013-09-18
2014,0.25,2013-09-18
2014,0.25,2013-09-18
2014,0.25,2013-09-18
2014,0.25,2013-09-18
2014,0.25,2013-09-18
2014,0.25,2013-09-18
2014,0.25,2013-09-18
2014,0.25,2013-09-18
2014,0.25,2013-09-18
2014,0.25,2013-09-18
2014,0.25,2013-09-18
2014,0.25,2013-09-18
2014,0.25,2013-09-18
2014,0.25,2013-09-18
2014,1.0,2013-09-18
2014,1.0,2013-09-18
2014,1.25,2013-09-18
2015,0.25,2013-09-18
2015,0.25,2013-09-18
2015,0.5,2013-09-18
2015,0.75,2013-09-18
2015,0.75,2013-09-18
2015,0.75,2013-09-18
2015,0.75,2013-09-18
2015,0.75,2013-09-18
2015,1.0,2013-09-18
2015,1.0,2013-09-18
2015,1.0,2013-09-18
2015,1.25,2013-09-18
2015,1.5,2013-09-18
2015,1.5,2013-09-18
2015,3.0,2013-09-18
2015,3.0,2013-09-18
2015,3.25,2013-09-18
2016,0.5,2013-09-18
2016,1.0,2013-09-18
2016,1.5,2013-09-18
2016,1.75,2013-09-18
2016,1.75,2013-09-18
2016,1.75,2013-09-18
2016,1.75,2013-09-18
2016,1.75,2013-09-18
2016,2.0,2013-09-18
2016,2.0,2013-09-18
2016,2.5,2013-09-18
2016,2.5,2013-09-18
2016,2.75,2013-09-18
2016,2.75,2013-09-18
2016,4.0,2013-09-18
2016,4.0,2013-09-18
2016,4.25,2013-09-18
Longer Run,3.25,2013-09-18
Longer Run,3.5,2013-09-18
Longer Run,3.5,2013-09-18
Longer Run,3.75,2013-09-18
Longer Run,4.0,2013-09-18
Longer Run,4.0,2013-09-18
Longer Run,4.0,2013-09-18
Longer Run,4.0,2013-09-18
Longer Run,4.0,2013-09-18
Longer Run,4.0,2013-09-18
Longer Run,4.0,2013-09-18
Longer Run,4.0,2013-09-18
Longer Run,4.0,2013-09-18
Longer Run,4.0,2013-09-18
Longer Run,4.25,2013-09-18
Longer Run,4.25,2013-09-18
Longer Run,4.25,2013-09-18
2013,0.25,2013-12-18
2013,0.25,2013-12-18
2013,0.25,2013-12-18
2013,0.25,2013-12-18
2013,0.25,2013-12-18
2013,0.25,2013-12-18
2013,0.25,2013-12-18
2013,0.25,2013-12-18
2013,0.25,2013-12-18
2013,0.25,2013-12-18
2013,0.25,2013-12-18
2013,0.25,2013-12-18
2013,0.25,2013-12-18
2013,0.25,2013-12-18
2013,0.25,2013-12-18
2013,0.25,2013-12-18
2013,0.25,2013-12-18
2014,0.25,2013-12-18
2014,0.25,2013-12-18
2014,0.25,2013-12-18
2014,0.25,2013-12-18
2014,0.25,2013-12-18
2014,0.25,2013-12-18
2014,0.25,2013-12-18
2014,0.25,2013-12-18
2014,0.25,2013-12-18
2014,0.25,2013-12-18
2014,0.25,2013-12-18
2014,0.25,2013-12-18
2014,0.25,2013-12-18
2014,0.25,2013-12-18
2014,0.25,2013-12-18
2014,0.75,2013-12-18
2014,1.25,2013-12-18
2015,0.25,2013-12-18
2015,0.25,2013-12-18
2015,0.25,2013-12-18
2015,0.5,2013-12-18
2015,0.5,2013-12-18
2015,0.5,2013-12-18
2015,0.75,2013-12-18
2015,0.75,2013-12-18
2015,0.75,2013-12-18
2015,0.75,2013-12-18
2015,1.0,2013-12-18
2015,1.0,2013-12-18
2015,1.25,2013-12-18
2015,1.5,2013-12-18
2015,2.0,2013-12-18
2015,2.75,2013-12-18
2015,3.25,2013-12-18
2016,0.5,2013-12-18
2016,1.0,2013-12-18
2016,1.25,2013-12-18
2016,1.5,2013-12-18
2016,1.5,2013-12-18
2016,1.75,2013-12-18
2016,1.75,2013-12-18
2016,1.75,2013-12-18
2016,1.75,2013-12-18
2016,2.0,2013-12-18
2016,2.5,2013-12-18
2016,2.5,2013-12-18
2016,2.75,2013-12-18
2016,3.0,2013-12-18
2016,3.25,2013-12-18
2016,4.0,2013-12-18
2016,4.25,2013-12-18
Longer Run,3.5,2013-12-18
Longer Run,3.5,2013-12-18
Longer Run,3.5,2013-12-18
Longer Run,3.5,2013-12-18
Longer Run,3.75,2013-12-18
Longer Run,3.75,2013-12-18
Longer Run,4.0,2013-12-18
Longer Run,4.0,2013-12-18
Longer Run,4.0,2013-12-18
Longer Run,4.0,2013-12-18
Longer Run,4.0,2013-12-18
Longer Run,4.0,2013-12-18
Longer Run,4.0,2013-12-18
Longer Run,4.0,2013-12-18
Longer Run,4.0,2013-12-18
Longer Run,4.25,2013-12-18
Longer Run,4.25,2013-12-18
2014,0.25,2014-03-19
2014,0.25,2014-03-19
2014,0.25,2014-03-19
2014,0.25,2014-03-19
2014,0.25,2014-03-19
2014,0.25,2014-03-19
2014,0.25,2014-03-19
2014,0.25,2014-03-19
2014,0.25,2014-03-19
2014,0.25,2014-03-19
2014,0.25,2014-03-19
2014,0.25,2014-03-19
2014,0.25,2014-03-19
2014,0.25,2014-03-19
2014,0.25,2014-03-19
2014,1.0,2014-03-19
2015,0.25,2014-03-19
2015,0.25,2014-03-19
2015,0.5,2014-03-19
2015,0.5,2014-03-19
2015,0.75,2014-03-19
2015,0.75,2014-03-19
2015,1.0,2014-03-19
2015,1.0,2014-03-19
2015,1.0,2014-03-19
2015,1.0,2014-03-19
2015,1.0,2014-03-19
2015,1.25,2014-03-19
2015,1.5,2014-03-19
2015,2.0,2014-03-19
2015,2.25,2014-03-19
2015,3.0,2014-03-19
2016,0.75,2014-03-19
2016,1.25,2014-03-19
2016,1.75,2014-03-19
2016,1.75,2014-03-19
2016,2.0,2014-03-19
2016,2.0,2014-03-19
2016,2.0,2014-03-19
2016,2.25,2014-03-19
2016,2.25,2014-03-19
2016,2.5,2014-03-19
2016,2.75,2014-03-19
2016,2.75,2014-03-19
2016,3.0,2014-03-19
2016,3.5,2014-03-19
2016,4.0,2014-03-19
2016,4.25,2014-03-19
Longer Run,3.5,2014-03-19
Longer Run,3.5,2014-03-19
Longer Run,3.5,2014-03-19
Longer Run,3.5,2014-03-19
Longer Run,3.75,2014-03-19
Longer Run,3.75,2014-03-19
Longer Run,4.0,2014-03-19
Longer Run,4.0,2014-03-19
Longer Run,4.0,2014-03-19
Longer Run,4.0,2014-03-19
Longer Run,4.0,2014-03-19
Longer Run,4.0,2014-03-19
Longer Run,4.0,2014-03-19
Longer Run,4.0,2014-03-19
Longer Run,4.25,2014-03-19
Longer Run,4.25,2014-03-19
2014,0.25,2014-06-18
2014,0.25,2014-06-18
2014,0.25,2014-06-18
2014,0.25,2014-06-18
2014,0.25,2014-06-18
2014,0.25,2014-06-18
2014,0.25,2014-06-18
2014,0.25,2014-06-18
2014,0.25,2014-06-18
2014,0.25,2014-06-18
2014,0.25,2014-06-18
2014,0.25,2014-06-18
2014,0.25,2014-06-18
2014,0.25,2014-06-18
2014,0.25,2014-06-18
2014,1.0,2014-06-18
2015,0.25,2014-06-18
2015,0.25,2014-06-18
2015,0.25,2014-06-18
2015,0.5,2014-06-18
2015,0.75,2014-06-18
2015,1.0,2014-06-18
2015,1.0,2014-06-18
2015,1.0,2014-06-18
2015,1.25,2014-06-18
2015,1.25,2014-06-18
2015,1.25,2014-06-18
2015,1.5,2014-06-18
2015,1.75,2014-06-18
2015,2.0,2014-06-18
2015,2.25,2014-06-18
2015,3.0,2014-06-18
2016,0.5,2014-06-18
2016,1.0,2014-06-18
2016,1.25,2014-06-18
2016,2.0,2014-06-18
2016,2.0,2014-06-18
2016,2.25,2014-06-18
2016,2.25,2014-06-18
2016,2.5,2014-06-18
2016,2.5,2014-06-18
2016,2.75,2014-06-18
2016,3.0,2014-06-18
2016,3.0,2014-06-18
2016,3.5,2014-06-18
2016,3.75,2014-06-18
2016,4.0,2014-06-18
2016,4.25,2014-06-18
Longer Run,3.25,2014-06-18
Longer Run,3.5,2014-06-18
Longer Run,3.5,2014-06-18
Longer Run,3.5,2014-06-18
Longer Run,3.75,2014-06-18
Longer Run,3.75,2014-06-18
Longer Run,3.75,2014-06-18
Longer Run,3.75,2014-06-18
Longer Run,3.75,2014-06-18
Longer Run,3.75,2014-06-18
Longer Run,3.75,2014-06-18
Longer Run,4.0,2014-06-18
Longer Run,4.0,2014-06-18
Longer Run,4.0,2014-06-18
Longer Run,4.25,2014-06-18
Longer Run,4.25,2014-06-18
2014,0.125,2014-09-17
2014,0.125,2014-09-17
2014,0.125,2014-09-17
2014,0.125,2014-09-17
2014,0.125,2014-09-17
2014,0.125,2014-09-17
2014,0.125,2014-09-17
2014,0.125,2014-09-17
2014,0.125,2014-09-17
2014,0.125,2014-09-17
2014,0.125,2014-09-17
2014,0.125,2014-09-17
2014,0.125,2014-09-17
2014,0.125,2014-09-17
2014,0.125,2014-09-17
2014,0.125,2014-09-17
2014,0.875,2014-09-17
2015,0.125,2014-09-17
2015,0.125,2014-09-17
2015,0.375,2014-09-17
2015,0.875,2014-09-17
2015,0.875,2014-09-17
2015,0.875,2014-09-17
2015,1.125,2014-09-17
2015,1.125,2014-09-17
2015,1.375,2014-09-17
2015,1.375,2014-09-17
2015,1.375,2014-09-17
2015,1.625,2014-09-17
2015,1.875,2014-09-17
2015,1.875,2014-09-17
2015,1.875,2014-09-17
2015,1.875,2014-09-17
2015,2.875,2014-09-17
2016,0.375,2014-09-17
2016,1.125,2014-09-17
2016,1.625,2014-09-17
2016,2.125,2014-09-17
2016,2.125,2014-09-17
2016,2.375,2014-09-17
2016,2.375,2014-09-17
2016,2.625,2014-09-17
2016,2.875,2014-09-17
2016,2.875,2014-09-17
2016,3.0,2014-09-17
2016,3.125,2014-09-17
2016,3.375,2014-09-17
2016,3.875,2014-09-17
2016,3.875,2014-09-17
2016,3.875,2014-09-17
2017,2.0,2014-09-17
2017,2.625,2014-09-17
2017,3.125,2014-09-17
2017,3.125,2014-09-17
2017,3.125,2014-09-17
2017,3.375,2014-09-17
2017,3.375,2014-09-17
2017,3.625,2014-09-17
2017,3.75,2014-09-17
2017,3.75,2014-09-17
2017,3.875,2014-09-17
2017,3.875,2014-09-17
2017,3.875,2014-09-17
2017,4.125,2014-09-17
2017,4.375,2014-09-17
Longer Run,3.25,2014-09-17
Longer Run,3.5,2014-09-17
Longer Run,3.5,2014-09-17
Longer Run,3.5,2014-09-17
Longer Run,3.75,2014-09-17
Longer Run,3.75,2014-09-17
Longer Run,3.75,2014-09-17
Longer Run,3.75,2014-09-17
Longer Run,3.875,2014-09-17
Longer Run,3.875,2014-09-17
Longer Run,4.25,2014-09-17
2014,0.125,2014-12-17
2014,0.125,2014-12-17
2014,0.125,2014-12-17
2014,0.125,2014-12-17
2014,0.125,2014-12-17
2014,0.125,2014-12-17
2014,0.125,2014-12-17
2014,0.125,2014-12-17
2014,0.125,2014-12-17
2014,0.125,2014-12-17
2014,0.125,2014-12-17
2014,0.125,2014-12-17
2014,0.125,2014-12-17
2014,0.125,2014-12-17
2014,0.125,2014-12-17
2014,0.125,2014-12-17
2014,0.125,2014-12-17
2015,0.125,2014-12-17
2015,0.125,2014-12-17
2015,0.625,2014-12-17
2015,0.625,2014-12-17
2015,0.875,2014-12-17
2015,0.875,2014-12-17
2015,0.875,2014-12-17
2015,0.875,2014-12-17
2015,1.125,2014-12-17
2015,1.125,2014-12-17
2015,1.125,2014-12-17
2015,1.625,2014-12-17
2015,1.625,2014-12-17
2015,1.875,2014-12-17
2015,1.875,2014-12-17
2015,1.875,2014-12-17
2015,1.875,2014-12-17
2016,0.375,2014-12-17
2016,1.125,2014-12-17
2016,1.875,2014-12-17
2016,1.875,2014-12-17
2016,2.125,2014-12-17
2016,2.125,2014-12-17
2016,2.125,2014-12-17
2016,2.375,2014-12-17
2016,2.5,2014-12-17
2016,2.625,2014-12-17
2016,2.875,2014-12-17
2016,3.125,2014-12-17
2016,3.125,2014-12-17
2016,3.375,2014-12-17
2016,3.625,2014-12-17
2016,3.875,2014-12-17
2017,2.0,2014-12-17
2017,2.625,2014-12-17
2017,2.875,2014-12-17
2017,3.125,2014-12-17
2017,3.125,2014-12-17
2017,3.375,2014-12-17
2017,3.375,2014-12-17
2017,3.625,2014-12-17
2017,3.625,2014-12-17
2017,3.75,2014-12-17
2017,3.75,2014-12-17
2017,3.75,2014-12-17
2017,3.875,2014-12-17
2017,4.125,2014-12-17
2017,4.25,2014-12-17
2017,4.25,2014-12-17
Longer Run,3.25,2014-12-17
Longer Run,3.5,2014-12-17
Longer Run,3.5,2014-12-17
Longer Run,3.5,2014-12-17
Longer Run,3.75,2014-12-17
Longer Run,3.75,2014-12-17
Longer Run,3.75,2014-12-17
Longer Run,3.75,2014-12-17
Longer Run,3.75,2014-12-17
Longer Run,3.75,2014-12-17
Longer Run,3.75,2014-12-17
Longer Run,3.75,2014-12-17
Longer Run,4.25,2014-12-17
Longer Run,4.25,2014-12-17
2015,0.375,2015-03-18
2015,0.375,2015-03-18
2015,0.375,2015-03-18
2015,0.375,2015-03-18
2015,0.375,2015-03-18
2015,0.375,2015-03-18
2015,0.375,2015-03-18
2015,0.625,2015-03-18
2015,0.625,2015-03-18
2015,0.625,2015-03-18
2015,0.875,2015-03-18
2015,1.125,2015-03-18
2015,1.125,2015-03-18
2015,1.375,2015-03-18
2015,8.25,2015-03-18
2016,0.875,2015-03-18
2016,1.375,2015-03-18
2016,1.375,2015-03-18
2016,1.375,2015-03-18
2016,1.375,2015-03-18
2016,1.375,2015-03-18
2016,1.375,2015-03-18
2016,1.625,2015-03-18
2016,1.625,2015-03-18
2016,1.625,2015-03-18
2016,1.875,2015-03-18
2016,2.0,2015-03-18
2016,2.375,2015-03-18
2016,3.125,2015-03-18
2016,3.125,2015-03-18
2016,3.5,2015-03-18
2017,1.75,2015-03-18
2017,2.375,2015-03-18
2017,2.375,2015-03-18
2017,2.375,2015-03-18
2017,2.625,2015-03-18
2017,2.625,2015-03-18
2017,2.875,2015-03-18
2017,2.875,2015-03-18
2017,2.875,2015-03-18
2017,2.875,2015-03-18
2017,3.125,2015-03-18
2017,3.375,2015-03-18
2017,3.375,2015-03-18
2017,3.5,2015-03-18
2017,3.5,2015-03-18
2017,3.625,2015-03-18
Longer Run,2.75,2015-03-18
Longer Run,3.25,2015-03-18
Longer Run,3.25,2015-03-18
Longer Run,3.25,2015-03-18
Longer Run,3.25,2015-03-18
Longer Run,3.25,2015-03-18
Longer Run,3.25,2015-03-18
Longer Run,3.25,2015-03-18
Longer Run,3.5,2015-03-18
Longer Run,3.5,2015-03-18
Longer Run,3.5,2015-03-18
Longer Run,3.5,2015-03-18
Longer Run,3.5,2015-03-18
Longer Run,3.5,2015-03-18
Longer Run,4.0,2015-03-18
Longer Run,6.5,2015-03-18
2015,0.375,2015-06-17
2015,0.375,2015-06-17
2015,0.375,2015-06-17
2015,0.375,2015-06-17
2015,0.375,2015-06-17
2015,0.625,2015-06-17
2015,0.625,2015-06-17
2015,0.625,2015-06-17
2015,0.625,2015-06-17
2015,0.625,2015-06-17
2015,8.25,2015-06-17
2016,0.625,2015-06-17
2016,0.875,2015-06-17
2016,1.125,2015-06-17
2016,1.125,2015-06-17
2016,1.125,2015-06-17
2016,1.125,2015-06-17
2016,1.375,2015-06-17
2016,1.375,2015-06-17
2016,1.375,2015-06-17
2016,1.625,2015-06-17
2016,1.875,2015-06-17
2016,2.0,2015-06-17
2016,2.125,2015-06-17
2016,2.375,2015-06-17
2016,2.625,2015-06-17
2016,2.625,2015-06-17
2017,1.75,2015-06-17
2017,1.875,2015-06-17
2017,2.125,2015-06-17
2017,2.125,2015-06-17
2017,2.125,2015-06-17
2017,2.375,2015-06-17
2017,2.375,2015-06-17
2017,2.375,2015-06-17
2017,2.625,2015-06-17
2017,2.875,2015-06-17
2017,3.125,2015-06-17
2017,3.375,2015-06-17
2017,3.375,2015-06-17
2017,3.5,2015-06-17
2017,3.5,2015-06-17
2017,3.625,2015-06-17
2017,3.625,2015-06-17
Longer Run,3.25,2015-06-17
Longer Run,3.25,2015-06-17
Longer Run,3.25,2015-06-17
Longer Run,3.25,2015-06-17
Longer Run,3.25,2015-06-17
Longer Run,3.5,2015-06-17
Longer Run,3.5,2015-06-17
Longer Run,3.5,2015-06-17
Longer Run,3.5,2015-06-17
Longer Run,3.5,2015-06-17
Longer Run,3.5,2015-06-17
Longer Run,4.0,2015-06-17
Longer Run,6.5,2015-06-17
2015,-0.125,2015-09-17
2015,-0.125,2015-09-17
2015,-0.125,2015-09-17
2015,0.125,2015-09-17
2015,0.125,2015-09-17
2015,0.125,2015-09-17
2015,0.125,2015-09-17
2015,0.125,2015-09-17
2015,0.125,2015-09-17
2015,0.125,2015-09-17
2015,0.375,2015-09-17
2015,0.375,2015-09-17
2015,0.375,2015-09-17
2015,0.375,2015-09-17
2015,0.375,2015-09-17
2015,0.625,2015-09-17
2015,8.5,2015-09-17
2016,0.625,2015-09-17
2016,0.625,2015-09-17
2016,0.875,2015-09-17
2016,0.875,2015-09-17
2016,0.875,2015-09-17
2016,0.875,2015-09-17
2016,1.125,2015-09-17
2016,1.125,2015-09-17
2016,1.375,2015-09-17
2016,1.375,2015-09-17
2016,1.375,2015-09-17
2016,1.625,2015-09-17
2016,1.875,2015-09-17
2016,1.875,2015-09-17
2016,2.125,2015-09-17
2016,2.625,2015-09-17
2017,0.75,2015-09-17
2017,1.625,2015-09-17
2017,1.625,2015-09-17
2017,1.875,2015-09-17
2017,1.875,2015-09-17
2017,2.125,2015-09-17
2017,2.125,2015-09-17
2017,2.375,2015-09-17
2017,2.375,2015-09-17
2017,2.375,2015-09-17
2017,2.75,2015-09-17
2017,2.75,2015-09-17
2017,2.875,2015-09-17
2017,3.125,2015-09-17
2017,3.125,2015-09-17
2017,3.625,2015-09-17
2017,6.75,2015-09-17
2018,2.625,2015-09-17
2018,2.625,2015-09-17
2018,2.75,2015-09-17
2018,2.875,2015-09-17
2018,3.0,2015-09-17
2018,3.0,2015-09-17
2018,3.125,2015-09-17
2018,3.375,2015-09-17
2018,3.375,2015-09-17
2018,3.375,2015-09-17
2018,3.625,2015-09-17
Longer Run,2.75,2015-09-17
Longer Run,3.0,2015-09-17
Longer Run,3.0,2015-09-17
Longer Run,3.0,2015-09-17
Longer Run,3.0,2015-09-17
Longer Run,3.0,2015-09-17
Longer Run,3.0,2015-09-17
Longer Run,3.5,2015-09-17
Longer Run,3.5,2015-09-17
Longer Run,3.5,2015-09-17
Longer Run,3.75,2015-09-17
Longer Run,6.5,2015-09-17
2015,0.125,2015-12-16
2015,0.125,2015-12-16
2015,0.375,2015-12-16
2015,0.375,2015-12-16
2015,0.375,2015-12-16
2015,0.375,2015-12-16
2015,0.375,2015-12-16
2015,0.375,2015-12-16
2015,0.375,2015-12-16
2015,0.375,2015-12-16
2015,0.375,2015-12-16
2015,0.375,2015-12-16
2015,0.375,2015-12-16
2015,0.375,2015-12-16
2016,0.875,2015-12-16
2016,0.875,2015-12-16
2016,0.875,2015-12-16
2016,0.875,2015-12-16
2016,1.125,2015-12-16
2016,1.125,2015-12-16
2016,1.375,2015-12-16
2016,1.375,2015-12-16
2016,1.375,2015-12-16
2016,1.375,2015-12-16
2016,1.375,2015-12-16
2016,1.375,2015-12-16
2016,1.625,2015-12-16
2016,1.625,2015-12-16
2016,2.125,2015-12-16
2017,1.875,2015-12-16
2017,1.875,2015-12-16
2017,1.875,2015-12-16
2017,1.875,2015-12-16
2017,2.125,2015-12-16
2017,2.125,2015-12-16
2017,2.375,2015-12-16
2017,2.375,2015-12-16
2017,2.375,2015-12-16
2017,2.375,2015-12-16
2017,2.625,2015-12-16
2017,2.625,2015-12-16
2017,3.0,2015-12-16
2017,3.125,2015-12-16
2017,3.125,2015-12-16
2017,3.375,2015-12-16
2018,2.125,2015-12-16
2018,2.5,2015-12-16
2018,2.875,2015-12-16
2018,2.875,2015-12-16
2018,2.875,2015-12-16
2018,2.875,2015-12-16
2018,3.0,2015-12-16
2018,3.125,2015-12-16
2018,3.25,2015-12-16
2018,3.375,2015-12-16
2018,3.375,2015-12-16
2018,3.375,2015-12-16
2018,3.5,2015-12-16
2018,3.5,2015-12-16
2018,3.625,2015-12-16
2018,3.625,2015-12-16
2018,3.875,2015-12-16
Longer Run,3.0,2015-12-16
Longer Run,3.0,2015-12-16
Longer Run,3.25,2015-12-16
Longer Run,3.25,2015-12-16
Longer Run,3.25,2015-12-16
Longer Run,3.25,2015-12-16
Longer Run,3.25,2015-12-16
Longer Run,3.25,2015-12-16
Longer Run,3.5,2015-12-16
Longer Run,3.5,2015-12-16
Longer Run,3.5,2015-12-16
Longer Run,3.5,2015-12-16
Longer Run,3.5,2015-12-16
Longer Run,3.5,2015-12-16
Longer Run,3.75,2015-12-16
Longer Run,3.75,2015-12-16
Longer Run,4.0,2015-12-16
2016,0.625,2016-03-16
2016,0.875,2016-03-16
2016,0.875,2016-03-16
2016,0.875,2016-03-16
2016,0.875,2016-03-16
2016,0.875,2016-03-16
2016,0.875,2016-03-16
2016,0.875,2016-03-16
2016,0.875,2016-03-16
2016,0.875,2016-03-16
2016,1.125,2016-03-16
2016,1.125,2016-03-16
2016,1.125,2016-03-16
2016,1.375,2016-03-16
2016,1.375,2016-03-16
2016,1.375,2016-03-16
2016,1.375,2016-03-16
2017,1.625,2016-03-16
2017,1.625,2016-03-16
2017,1.625,2016-03-16
2017,1.625,2016-03-16
2017,1.875,2016-03-16
2017,1.875,2016-03-16
2017,1.875,2016-03-16
2017,1.875,2016-03-16
2017,1.875,2016-03-16
2017,2.125,2016-03-16
2017,2.125,2016-03-16
2017,2.125,2016-03-16
2017,2.375,2016-03-16
2017,2.375,2016-03-16
2017,2.375,2016-03-16
2017,2.625,2016-03-16
2017,2.75,2016-03-16
2018,2.125,2016-03-16
2018,2.375,2016-03-16
2018,2.375,2016-03-16
2018,2.5,2016-03-16
2018,2.625,2016-03-16
2018,2.875,2016-03-16
2018,2.875,2016-03-16
2018,2.875,2016-03-16
2018,3.0,2016-03-16
2018,3.125,2016-03-16
2018,3.125,2016-03-16
2018,3.125,2016-03-16
2018,3.25,2016-03-16
2018,3.25,2016-03-16
2018,3.375,2016-03-16
2018,3.375,2016-03-16
2018,3.875,2016-03-16
Longer Run,3.0,2016-03-16
Longer Run,3.0,2016-03-16
Longer Run,3.0,2016-03-16
Longer Run,3.0,2016-03-16
Longer Run,3.0,2016-03-16
Longer Run,3.25,2016-03-16
Longer Run,3.25,2016-03-16
Longer Run,3.25,2016-03-16
Longer Run,3.25,2016-03-16
Longer Run,3.25,2016-03-16
Longer Run,3.25,2016-03-16
Longer Run,3.25,2016-03-16
Longer Run,3.5,2016-03-16
Longer Run,3.5,2016-03-16
Longer Run,3.75,2016-03-16
Longer Run,3.75,2016-03-16
Longer Run,4.0,2016-03-16
2016,0.625,2016-06-15
2016,0.625,2016-06-15
2016,0.625,2016-06-15
2016,0.625,2016-06-15
2016,0.625,2016-06-15
2016,0.625,2016-06-15
2016,0.875,2016-06-15
2016,0.875,2016-06-15
2016,0.875,2016-06-15
2016,0.875,2016-06-15
2016,0.875,2016-06-15
2016,0.875,2016-06-15
2016,0.875,2016-06-15
2016,0.875,2016-06-15
2016,0.875,2016-06-15
2016,1.125,2016-06-15
2016,1.375,2016-06-15
2017,0.625,2016-06-15
2017,1.375,2016-06-15
2017,1.375,2016-06-15
2017,1.375,2016-06-15
2017,1.375,2016-06-15
2017,1.375,2016-06-15
2017,1.375,2016-06-15
2017,1.625,2016-06-15
2017,1.625,2016-06-15
2017,1.625,2016-06-15
2017,1.625,2016-06-15
2017,1.875,2016-06-15
2017,1.875,2016-06-15
2017,1.875,2016-06-15
2017,2.125,2016-06-15
2017,2.25,2016-06-15
2017,2.375,2016-06-15
2018,0.625,2016-06-15
2018,2.125,2016-06-15
2018,2.125,2016-06-15
2018,2.125,2016-06-15
2018,2.125,2016-06-15
2018,2.375,2016-06-15
2018,2.375,2016-06-15
2018,2.375,2016-06-15
2018,2.375,2016-06-15
2018,2.375,2016-06-15
2018,2.625,2016-06-15
2018,2.875,2016-06-15
2018,2.875,2016-06-15
2018,2.875,2016-06-15
2018,3.0,2016-06-15
2018,3.25,2016-06-15
2018,3.375,2016-06-15
Longer Run,2.75,2016-06-15
Longer Run,2.75,2016-06-15
Longer Run,2.75,2016-06-15
Longer Run,3.0,2016-06-15
Longer Run,3.0,2016-06-15
Longer Run,3.0,2016-06-15
Longer Run,3.0,2016-06-15
Longer Run,3.0,2016-06-15
Longer Run,3.0,2016-06-15
Longer Run,3.25,2016-06-15
Longer Run,3.25,2016-06-15
Longer Run,3.25,2016-06-15
Longer Run,3.25,2016-06-15
Longer Run,3.5,2016-06-15
Longer Run,3.75,2016-06-15
Longer Run,3.75,2016-06-15
2016,0.375,2016-09-21
2016,0.375,2016-09-21
2016,0.375,2016-09-21
2016,0.625,2016-09-21
2016,0.625,2016-09-21
2016,0.625,2016-09-21
2016,0.625,2016-09-21
2016,0.625,2016-09-21
2016,0.625,2016-09-21
2016,0.625,2016-09-21
2016,0.625,2016-09-21
2016,0.625,2016-09-21
2016,0.625,2016-09-21
2016,0.875,2016-09-21
2016,0.875,2016-09-21
2016,0.875,2016-09-21
2016,1.125,2016-09-21
2017,0.625,2016-09-21
2017,0.625,2016-09-21
2017,0.875,2016-09-21
2017,1.125,2016-09-21
2017,1.125,2016-09-21
2017,1.125,2016-09-21
2017,1.125,2016-09-21
2017,1.125,2016-09-21
2017,1.125,2016-09-21
2017,1.125,2016-09-21
2017,1.375,2016-09-21
2017,1.625,2016-09-21
2017,1.625,2016-09-21
2017,1.75,2016-09-21
2017,1.875,2016-09-21
2017,1.875,2016-09-21
2017,2.125,2016-09-21
2018,0.625,2016-09-21
2018,1.625,2016-09-21
2018,1.625,2016-09-21
2018,1.875,2016-09-21
2018,1.875,2016-09-21
2018,1.875,2016-09-21
2018,1.875,2016-09-21
2018,1.875,2016-09-21
2018,1.875,2016-09-21
2018,1.875,2016-09-21
2018,2.125,2016-09-21
2018,2.625,2016-09-21
2018,2.625,2016-09-21
2018,2.75,2016-09-21
2018,2.75,2016-09-21
2018,2.875,2016-09-21
2018,3.125,2016-09-21
2019,0.625,2016-09-21
2019,2.125,2016-09-21
2019,2.375,2016-09-21
2019,2.375,2016-09-21
2019,2.375,2016-09-21
2019,2.625,2016-09-21
2019,2.625,2016-09-21
2019,2.625,2016-09-21
2019,2.625,2016-09-21
2019,2.625,2016-09-21
2019,2.75,2016-09-21
2019,3.0,2016-09-21
2019,3.0,2016-09-21
2019,3.0,2016-09-21
2019,3.125,2016-09-21
2019,3.375,2016-09-21
2019,3.75,2016-09-21
Longer Run,2.5,2016-09-21
Longer Run,2.5,2016-09-21
Longer Run,2.5,2016-09-21
Longer Run,2.75,2016-09-21
Longer Run,2.75,2016-09-21
Longer Run,2.75,2016-09-21
Longer Run,2.75,2016-09-21
Longer Run,2.75,2016-09-21
Longer Run,3.0,2016-09-21
Longer Run,3.0,2016-09-21
Longer Run,3.0,2016-09-21
Longer Run,3.0,2016-09-21
Longer Run,3.0,2016-09-21
Longer Run,3.0,2016-09-21
Longer Run,3.5,2016-09-21
Longer Run,3.75,2016-09-21
2016,0.625,2016-12-14
2017,0.875,2016-12-14
2017,1.125,2016-12-14
2017,1.375,2016-12-14
2017,1.625,2016-12-14
2017,1.75,2016-12-14
2017,2.125,2016-12-14
2018,0.875,2016-12-14
2018,1.625,2016-12-14
2018,1.875,2016-12-14
2018,2.125,2016-12-14
2018,2.375,2016-12-14
2018,2.625,2016-12-14
2018,3.0,2016-12-14
2018,3.25,2016-12-14
2018,3.375,2016-12-14
2019,0.875,2016-12-14
2019,2.125,2016-12-14
2019,2.375,2016-12-14
2019,2.625,2016-12-14
2019,2.875,2016-12-14
2019,3.0,2016-12-14
2019,3.125,2016-12-14
2019,3.25,2016-12-14
2019,3.625,2016-12-14
2019,3.875,2016-12-14
Longer Run,2.5,2016-12-14
Longer Run,2.75,2016-12-14
Longer Run,3.0,2016-12-14
Longer Run,3.5,2016-12-14
Longer Run,3.75,2016-12-14
2017,0.875,2017-03-15
2017,0.875,2017-03-15
2017,1.125,2017-03-15
2017,1.375,2017-03-15
2017,1.375,2017-03-15
2017,1.375,2017-03-15
2017,1.375,2017-03-15
2017,1.375,2017-03-15
2017,1.375,2017-03-15
2017,1.375,2017-03-15
2017,1.375,2017-03-15
2017,1.375,2017-03-15
2017,1.625,2017-03-15
2017,1.625,2017-03-15
2017,1.625,2017-03-15
2017,1.625,2017-03-15
2017,2.125,2017-03-15
2018,0.875,2017-03-15
2018,1.625,2017-03-15
2018,1.875,2017-03-15
2018,2.125,2017-03-15
2018,2.125,2017-03-15
2018,2.125,2017-03-15
2018,2.125,2017-03-15
2018,2.125,2017-03-15
2018,2.125,2017-03-15
2018,2.375,2017-03-15
2018,2.375,2017-03-15
2018,2.375,2017-03-15
2018,2.625,2017-03-15
2018,2.875,2017-03-15
2018,3.0,2017-03-15
2018,3.25,2017-03-15
2018,3.375,2017-03-15
2019,0.875,2017-03-15
2019,2.375,2017-03-15
2019,2.375,2017-03-15
2019,2.625,2017-03-15
2019,2.625,2017-03-15
2019,2.875,2017-03-15
2019,2.875,2017-03-15
2019,2.875,2017-03-15
2019,3.0,2017-03-15
2019,3.0,2017-03-15
2019,3.125,2017-03-15
2019,3.125,2017-03-15
2019,3.125,2017-03-15
2019,3.25,2017-03-15
2019,3.25,2017-03-15
2019,3.875,2017-03-15
2019,3.875,2017-03-15
Longer Run,2.5,2017-03-15
Longer Run,2.75,2017-03-15
Longer Run,2.75,2017-03-15
Longer Run,2.75,2017-03-15
Longer Run,2.75,2017-03-15
Longer Run,2.75,2017-03-15
Longer Run,3.0,2017-03-15
Longer Run,3.0,2017-03-15
Longer Run,3.0,2017-03-15
Longer Run,3.0,2017-03-15
Longer Run,3.0,2017-03-15
Longer Run,3.0,2017-03-15
Longer Run,3.0,2017-03-15
Longer Run,3.0,2017-03-15
Longer Run,3.5,2017-03-15
Longer Run,3.75,2017-03-15
2017,1.125,2017-06-14
2017,1.125,2017-06-14
2017,1.125,2017-06-14
2017,1.125,2017-06-14
2017,1.375,2017-06-14
2017,1.375,2017-06-14
2017,1.375,2017-06-14
2017,1.375,2017-06-14
2017,1.375,2017-06-14
2017,1.375,2017-06-14
2017,1.375,2017-06-14
2017,1.375,2017-06-14
2017,1.625,2017-06-14
2017,1.625,2017-06-14
2017,1.625,2017-06-14
2017,1.625,2017-06-14
2018,1.125,2017-06-14
2018,1.625,2017-06-14
2018,1.875,2017-06-14
2018,1.875,2017-06-14
2018,2.125,2017-06-14
2018,2.125,2017-06-14
2018,2.125,2017-06-14
2018,2.125,2017-06-14
2018,2.125,2017-06-14
2018,2.375,2017-06-14
2018,2.375,2017-06-14
2018,2.625,2017-06-14
2018,2.625,2017-06-14
2018,2.625,2017-06-14
2018,2.75,2017-06-14
2018,3.125,2017-06-14
2019,1.125,2017-06-14
2019,2.375,2017-06-14
2019,2.375,2017-06-14
2019,2.625,2017-06-14
2019,2.625,2017-06-14
2019,2.625,2017-06-14
2019,2.875,2017-06-14
2019,2.875,2017-06-14
2019,3.0,2017-06-14
2019,3.0,2017-06-14
2019,3.125,2017-06-14
2019,3.125,2017-06-14
2019,3.125,2017-06-14
2019,3.25,2017-06-14
2019,3.375,2017-06-14
2019,4.125,2017-06-14
Longer Run,2.5,2017-06-14
Longer Run,2.75,2017-06-14
Longer Run,2.75,2017-06-14
Longer Run,2.75,2017-06-14
Longer Run,2.75,2017-06-14
Longer Run,2.75,2017-06-14
Longer Run,3.0,2017-06-14
Longer Run,3.0,2017-06-14
Longer Run,3.0,2017-06-14
Longer Run,3.0,2017-06-14
Longer Run,3.0,2017-06-14
Longer Run,3.0,2017-06-14
Longer Run,3.0,2017-06-14
Longer Run,3.0,2017-06-14
Longer Run,3.5,2017-06-14
2017,1.125,2017-09-20
2017,1.125,2017-09-20
2017,1.125,2017-09-20
2017,1.125,2017-09-20
2017,1.375,2017-09-20
2017,1.375,2017-09-20
2017,1.375,2017-09-20
2017,1.375,2017-09-20
2017,1.375,2017-09-20
2017,1.375,2017-09-20
2017,1.375,2017-09-20
2017,1.375,2017-09-20
2017,1.375,2017-09-20
2017,1.375,2017-09-20
2017,1.375,2017-09-20
2017,1.625,2017-09-20
2018,1.125,2017-09-20
2018,1.125,2017-09-20
2018,1.625,2017-09-20
2018,1.875,2017-09-20
2018,1.875,2017-09-20
2018,2.125,2017-09-20
2018,2.125,2017-09-20
2018,2.125,2017-09-20
2018,2.125,2017-09-20
2018,2.125,2017-09-20
2018,2.125,2017-09-20
2018,2.375,2017-09-20
2018,2.375,2017-09-20
2018,2.375,2017-09-20
2018,2.5,2017-09-20
2018,2.625,2017-09-20
2019,1.125,2017-09-20
2019,1.625,2017-09-20
2019,2.125,2017-09-20
2019,2.375,2017-09-20
2019,2.375,2017-09-20
2019,2.5,2017-09-20
2019,2.625,2017-09-20
2019,2.625,2017-09-20
2019,2.75,2017-09-20
2019,2.875,2017-09-20
2019,2.875,2017-09-20
2019,3.125,2017-09-20
2019,3.125,2017-09-20
2019,3.25,2017-09-20
2019,3.375,2017-09-20
2019,3.375,2017-09-20
2020,1.125,2017-09-20
2020,2.375,2017-09-20
2020,2.375,2017-09-20
2020,2.5,2017-09-20
2020,2.625,2017-09-20
2020,2.625,2017-09-20
2020,2.75,2017-09-20
2020,2.875,2017-09-20
2020,2.875,2017-09-20
2020,2.875,2017-09-20
2020,3.0,2017-09-20
2020,3.125,2017-09-20
2020,3.5,2017-09-20
2020,3.5,2017-09-20
2020,3.625,2017-09-20
2020,3.875,2017-09-20
Longer Run,2.25,2017-09-20
Longer Run,2.5,2017-09-20
Longer Run,2.5,2017-09-20
Longer Run,2.5,2017-09-20
Longer Run,2.5,2017-09-20
Longer Run,2.75,2017-09-20
Longer Run,2.75,2017-09-20
Longer Run,2.75,2017-09-20
Longer Run,2.75,2017-09-20
Longer Run,3.0,2017-09-20
Longer Run,3.0,2017-09-20
Longer Run,3.0,2017-09-20
Longer Run,3.0,2017-09-20
Longer Run,3.0,2017-09-20
Longer Run,3.5,2017-09-20
2017,1.125,2017-12-13
2017,1.125,2017-12-13
2017,1.375,2017-12-13
2017,1.375,2017-12-13
2017,1.375,2017-12-13
2017,1.375,2017-12-13
2017,1.375,2017-12-13
2017,1.375,2017-12-13
2017,1.375,2017-12-13
2017,1.375,2017-12-13
2017,1.375,2017-12-13
2017,1.375,2017-12-13
2017,1.375,2017-12-13
2017,1.375,2017-12-13
2017,1.375,2017-12-13
2017,1.375,2017-12-13
2018,1.125,2017-12-13
2018,1.375,2017-12-13
2018,1.625,2017-12-13
2018,1.875,2017-12-13
2018,1.875,2017-12-13
2018,1.875,2017-12-13
2018,2.125,2017-12-13
2018,2.125,2017-12-13
2018,2.125,2017-12-13
2018,2.125,2017-12-13
2018,2.125,2017-12-13
2018,2.125,2017-12-13
2018,2.375,2017-12-13
2018,2.375,2017-12-13
2018,2.375,2017-12-13
2018,2.625,2017-12-13
2019,1.375,2017-12-13
2019,1.625,2017-12-13
2019,2.375,2017-12-13
2019,2.375,2017-12-13
2019,2.625,2017-12-13
2019,2.625,2017-12-13
2019,2.625,2017-12-13
2019,2.625,2017-12-13
2019,2.75,2017-12-13
2019,2.875,2017-12-13
2019,2.875,2017-12-13
2019,2.875,2017-12-13
2019,3.125,2017-12-13
2019,3.375,2017-12-13
2019,3.375,2017-12-13
2019,3.625,2017-12-13
2020,1.375,2017-12-13
2020,2.375,2017-12-13
2020,2.625,2017-12-13
2020,2.625,2017-12-13
2020,2.875,2017-12-13
2020,3.0,2017-12-13
2020,3.0,2017-12-13
2020,3.0,2017-12-13
2020,3.125,2017-12-13
2020,3.125,2017-12-13
2020,3.125,2017-12-13
2020,3.125,2017-12-13
2020,3.125,2017-12-13
2020,3.5,2017-12-13
2020,4.125,2017-12-13
2020,4.125,2017-12-13
Longer Run,2.25,2017-12-13
Longer Run,2.5,2017-12-13
Longer Run,2.5,2017-12-13
Longer Run,2.75,2017-12-13
Longer Run,2.75,2017-12-13
Longer Run,2.75,2017-12-13
Longer Run,2.75,2017-12-13
Longer Run,2.75,2017-12-13
Longer Run,2.75,2017-12-13
Longer Run,3.0,2017-12-13
Longer Run,3.0,2017-12-13
Longer Run,3.0,2017-12-13
Longer Run,3.0,2017-12-13
Longer Run,3.0,2017-12-13
Longer Run,3.0,2017-12-13
2018,1.625,2018-03-21
2018,1.625,2018-03-21
2018,2.125,2018-03-21
2018,2.125,2018-03-21
2018,2.125,2018-03-21
2018,2.125,2018-03-21
2018,2.125,2018-03-21
2018,2.125,2018-03-21
2018,2.375,2018-03-21
2018,2.375,2018-03-21
2018,2.375,2018-03-21
2018,2.375,2018-03-21
2018,2.375,2018-03-21
2018,2.375,2018-03-21
2018,2.625,2018-03-21
2019,1.625,2018-03-21
2019,2.125,2018-03-21
2019,2.625,2018-03-21
2019,2.75,2018-03-21
2019,2.875,2018-03-21
2019,2.875,2018-03-21
2019,2.875,2018-03-21
2019,2.875,2018-03-21
2019,2.875,2018-03-21
2019,3.125,2018-03-21
2019,3.125,2018-03-21
2019,3.375,2018-03-21
2019,3.375,2018-03-21
2019,3.375,2018-03-21
2019,3.875,2018-03-21
2020,1.625,2018-03-21
2020,2.625,2018-03-21
2020,2.625,2018-03-21
2020,3.125,2018-03-21
2020,3.25,2018-03-21
2020,3.375,2018-03-21
2020,3.375,2018-03-21
2020,3.375,2018-03-21
2020,3.375,2018-03-21
2020,3.375,2018-03-21
2020,3.5,2018-03-21
2020,3.625,2018-03-21
2020,3.625,2018-03-21
2020,4.125,2018-03-21
2020,4.875,2018-03-21
Longer Run,2.5,2018-03-21
Longer Run,2.625,2018-03-21
Longer Run,2.75,2018-03-21
Longer Run,2.75,2018-03-21
Longer Run,3.0,2018-03-21
Longer Run,3.0,2018-03-21
Longer Run,3.0,2018-03-21
Longer Run,3.0,2018-03-21
Longer Run,3.0,2018-03-21
2018,1.875,2018-06-13
2018,1.875,2018-06-13
2018,2.125,2018-06-13
2018,2.125,2018-06-13
2018,2.125,2018-06-13
2018,2.125,2018-06-13
2018,2.125,2018-06-13
2018,2.375,2018-06-13
2018,2.375,2018-06-13
2018,2.375,2018-06-13
2018,2.375,2018-06-13
2018,2.375,2018-06-13
2018,2.375,2018-06-13
2018,2.375,2018-06-13
2018,2.625,2018-06-13
2019,1.875,2018-06-13
2019,2.125,2018-06-13
2019,2.625,2018-06-13
2019,2.875,2018-06-13
2019,2.875,2018-06-13
2019,2.875,2018-06-13
2019,2.875,2018-06-13
2019,3.125,2018-06-13
2019,3.125,2018-06-13
2019,3.125,2018-06-13
2019,3.125,2018-06-13
2019,3.375,2018-06-13
2019,3.375,2018-06-13
2019,3.375,2018-06-13
2019,3.625,2018-06-13
2020,1.875,2018-06-13
2020,2.625,2018-06-13
2020,2.625,2018-06-13
2020,3.125,2018-06-13
2020,3.25,2018-06-13
2020,3.375,2018-06-13
2020,3.375,2018-06-13
2020,3.375,2018-06-13
2020,3.375,2018-06-13
2020,3.5,2018-06-13
2020,3.625,2018-06-13
2020,3.625,2018-06-13
2020,3.625,2018-06-13
2020,4.125,2018-06-13
2020,4.125,2018-06-13
Longer Run,2.25,2018-06-13
Longer Run,2.5,2018-06-13
Longer Run,2.625,2018-06-13
Longer Run,2.75,2018-06-13
Longer Run,2.75,2018-06-13
Longer Run,2.75,2018-06-13
Longer Run,2.75,2018-06-13
Longer Run,3.0,2018-06-13
Longer Run,3.0,2018-06-13
Longer Run,3.0,2018-06-13
Longer Run,3.0,2018-06-13
Longer Run,3.0,2018-06-13
Longer Run,3.25,2018-06-13
Longer Run,3.5,2018-06-13
2018,2.125,2018-09-26
2018,2.125,2018-09-26
2018,2.125,2018-09-26
2018,2.125,2018-09-26
2018,2.375,2018-09-26
2018,2.375,2018-09-26
2018,2.375,2018-09-26
2018,2.375,2018-09-26
2018,2.375,2018-09-26
2018,2.375,2018-09-26
2018,2.375,2018-09-26
2018,2.375,2018-09-26
2018,2.375,2018-09-26
2018,2.375,2018-09-26
2018,2.375,2018-09-26
2018,2.375,2018-09-26
2019,2.125,2018-09-26
2019,2.375,2018-09-26
2019,2.625,2018-09-26
2019,2.875,2018-09-26
2019,2.875,2018-09-26
2019,2.875,2018-09-26
2019,2.875,2018-09-26
2019,3.125,2018-09-26
2019,3.125,2018-09-26
2019,3.125,2018-09-26
2019,3.125,2018-09-26
2019,3.375,2018-09-26
2019,3.375,2018-09-26
2019,3.375,2018-09-26
2019,3.375,2018-09-26
2019,3.625,2018-09-26
2020,2.125,2018-09-26
2020,2.625,2018-09-26
2020,2.875,2018-09-26
2020,3.125,2018-09-26
2020,3.125,2018-09-26
2020,3.125,2018-09-26
2020,3.125,2018-09-26
2020,3.375,2018-09-26
2020,3.375,2018-09-26
2020,3.625,2018-09-26
2020,3.625,2018-09-26
2020,3.625,2018-09-26
2020,3.625,2018-09-26
2020,3.625,2018-09-26
2020,3.625,2018-09-26
2020,3.875,2018-09-26
2021,2.125,2018-09-26
2021,2.625,2018-09-26
2021,2.875,2018-09-26
2021,2.875,2018-09-26
2021,2.875,2018-09-26
2021,3.0,2018-09-26
2021,3.125,2018-09-26
2021,3.375,2018-09-26
2021,3.375,2018-09-26
2021,3.375,2018-09-26
2021,3.375,2018-09-26
2021,3.5,2018-09-26
2021,3.625,2018-09-26
2021,3.625,2018-09-26
2021,3.875,2018-09-26
2021,4.125,2018-09-26
Longer Run,2.5,2018-09-26
Longer Run,2.5,2018-09-26
Longer Run,2.5,2018-09-26
Longer Run,2.75,2018-09-26
Longer Run,2.75,2018-09-26
Longer Run,2.75,2018-09-26
Longer Run,2.75,2018-09-26
Longer Run,3.0,2018-09-26
Longer Run,3.0,2018-09-26
Longer Run,3.0,2018-09-26
Longer Run,3.0,2018-09-26
Longer Run,3.0,2018-09-26
Longer Run,3.0,2018-09-26
Longer Run,3.25,2018-09-26
Longer Run,3.5,2018-09-26
2018,2.125,2018-12-19
2018,2.125,2018-12-19
2018,2.375,2018-12-19
2018,2.375,2018-12-19
2018,2.375,2018-12-19
2018,2.375,2018-12-19
2018,2.375,2018-12-19
2018,2.375,2018-12-19
2018,2.375,2018-12-19
2018,2.375,2018-12-19
2018,2.375,2018-12-19
2018,2.375,2018-12-19
2018,2.375,2018-12-19
2018,2.375,2018-12-19
2018,2.375,2018-12-19
2019,2.375,2018-12-19
2019,2.375,2018-12-19
2019,2.625,2018-12-19
2019,2.625,2018-12-19
2019,2.625,2018-12-19
2019,2.625,2018-12-19
2019,2.875,2018-12-19
2019,2.875,2018-12-19
2019,2.875,2018-12-19
2019,2.875,2018-12-19
2019,3.125,2018-12-19
2019,3.125,2018-12-19
2019,3.125,2018-12-19
2019,3.125,2018-12-19
2019,3.125,2018-12-19
2020,2.375,2018-12-19
2020,2.625,2018-12-19
2020,2.875,2018-12-19
2020,2.875,2018-12-19
2020,2.875,2018-12-19
2020,2.875,2018-12-19
2020,2.875,2018-12-19
2020,3.125,2018-12-19
2020,3.125,2018-12-19
2020,3.125,2018-12-19
2020,3.125,2018-12-19
2020,3.375,2018-12-19
2020,3.375,2018-12-19
2020,3.625,2018-12-19
2020,3.625,2018-12-19
2021,2.375,2018-12-19
2021,2.625,2018-12-19
2021,2.625,2018-12-19
2021,2.625,2018-12-19
2021,2.875,2018-12-19
2021,2.875,2018-12-19
2021,2.875,2018-12-19
2021,3.125,2018-12-19
2021,3.125,2018-12-19
2021,3.125,2018-12-19
2021,3.125,2018-12-19
2021,3.125,2018-12-19
2021,3.375,2018-12-19
2021,3.625,2018-12-19
2021,3.625,2018-12-19
Longer Run,2.5,2018-12-19
Longer Run,2.5,2018-12-19
Longer Run,2.5,2018-12-19
Longer Run,2.75,2018-12-19
Longer Run,2.75,2018-12-19
Longer Run,2.75,2018-12-19
Longer Run,2.75,2018-12-19
Longer Run,2.75,2018-12-19
Longer Run,3.25,2018-12-19
Longer Run,3.5,2018-12-19
2019,2.375,2019-03-20
2019,2.375,2019-03-20
2019,2.375,2019-03-20
2019,2.375,2019-03-20
2019,2.375,2019-03-20
2019,2.375,2019-03-20
2019,2.375,2019-03-20
2019,2.375,2019-03-20
2019,2.375,2019-03-20
2019,2.375,2019-03-20
2019,2.375,2019-03-20
2019,2.625,2019-03-20
2019,2.625,2019-03-20
2019,2.625,2019-03-20
2019,2.625,2019-03-20
2019,2.875,2019-03-20
2019,2.875,2019-03-20
2020,2.375,2019-03-20
2020,2.375,2019-03-20
2020,2.375,2019-03-20
2020,2.375,2019-03-20
2020,2.375,2019-03-20
2020,2.375,2019-03-20
2020,2.375,2019-03-20
2020,2.625,2019-03-20
2020,2.625,2019-03-20
2020,2.625,2019-03-20
2020,2.625,2019-03-20
2020,2.875,2019-03-20
2020,2.875,2019-03-20
2020,2.875,2019-03-20
2020,3.125,2019-03-20
2020,3.125,2019-03-20
2020,3.375,2019-03-20
2021,2.375,2019-03-20
2021,2.375,2019-03-20
2021,2.375,2019-03-20
2021,2.375,2019-03-20
2021,2.375,2019-03-20
2021,2.625,2019-03-20
2021,2.625,2019-03-20
2021,2.625,2019-03-20
2021,2.625,2019-03-20
2021,2.625,2019-03-20
2021,2.875,2019-03-20
2021,2.875,2019-03-20
2021,2.875,2019-03-20
2021,2.875,2019-03-20
2021,3.125,2019-03-20
2021,3.375,2019-03-20
2021,3.625,2019-03-20
Longer Run,2.5,2019-03-20
Longer Run,2.5,2019-03-20
Longer Run,2.5,2019-03-20
Longer Run,2.5,2019-03-20
Longer Run,2.5,2019-03-20
Longer Run,2.5,2019-03-20
Longer Run,2.75,2019-03-20
Longer Run,2.75,2019-03-20
Longer Run,2.75,2019-03-20
Longer Run,2.75,2019-03-20
Longer Run,3.0,2019-03-20
Longer Run,3.0,2019-03-20
Longer Run,3.0,2019-03-20
Longer Run,3.0,2019-03-20
Longer Run,3.25,2019-03-20
Longer Run,3.5,2019-03-20
2019,1.875,2019-06-19
2019,1.875,2019-06-19
2019,1.875,2019-06-19
2019,1.875,2019-06-19
2019,1.875,2019-06-19
2019,1.875,2019-06-19
2019,1.875,2019-06-19
2019,2.125,2019-06-19
2019,2.375,2019-06-19
2019,2.375,2019-06-19
2019,2.375,2019-06-19
2019,2.375,2019-06-19
2019,2.375,2019-06-19
2019,2.375,2019-06-19
2019,2.375,2019-06-19
2019,2.375,2019-06-19
2019,2.625,2019-06-19
2020,1.875,2019-06-19
2020,1.875,2019-06-19
2020,1.875,2019-06-19
2020,1.875,2019-06-19
2020,1.875,2019-06-19
2020,1.875,2019-06-19
2020,1.875,2019-06-19
2020,2.125,2019-06-19
2020,2.125,2019-06-19
2020,2.375,2019-06-19
2020,2.375,2019-06-19
2020,2.375,2019-06-19
2020,2.375,2019-06-19
2020,2.375,2019-06-19
2020,2.625,2019-06-19
2020,2.625,2019-06-19
2020,3.125,2019-06-19
2021,1.875,2019-06-19
2021,1.875,2019-06-19
2021,1.875,2019-06-19
2021,1.875,2019-06-19
2021,1.875,2019-06-19
2021,2.125,2019-06-19
2021,2.125,2019-06-19
2021,2.375,2019-06-19
2021,2.375,2019-06-19
2021,2.375,2019-06-19
2021,2.375,2019-06-19
2021,2.375,2019-06-19
2021,2.625,2019-06-19
2021,2.625,2019-06-19
2021,2.625,2019-06-19
2021,2.875,2019-06-19
2021,3.125,2019-06-19
Longer Run,2.375,2019-06-19
Longer Run,2.5,2019-06-19
Longer Run,2.5,2019-06-19
Longer Run,2.5,2019-06-19
Longer Run,2.5,2019-06-19
Longer Run,2.5,2019-06-19
Longer Run,2.5,2019-06-19
Longer Run,2.5,2019-06-19
Longer Run,2.75,2019-06-19
Longer Run,2.75,2019-06-19
Longer Run,3.0,2019-06-19
Longer Run,3.0,2019-06-19
Longer Run,3.25,2019-06-19
Longer Run,3.25,2019-06-19
2019,1.625,2019-09-18
2019,1.625,2019-09-18
2019,1.625,2019-09-18
2019,1.625,2019-09-18
2019,1.625,2019-09-18
2019,1.625,2019-09-18
2019,1.625,2019-09-18
2019,1.875,2019-09-18
2019,1.875,2019-09-18
2019,1.875,2019-09-18
2019,1.875,2019-09-18
2019,1.875,2019-09-18
2019,2.125,2019-09-18
2019,2.125,2019-09-18
2019,2.125,2019-09-18
2019,2.125,2019-09-18
2019,2.125,2019-09-18
2020,1.625,2019-09-18
2020,1.625,2019-09-18
2020,1.625,2019-09-18
2020,1.625,2019-09-18
2020,1.625,2019-09-18
2020,1.625,2019-09-18
2020,1.625,2019-09-18
2020,1.625,2019-09-18
2020,1.875,2019-09-18
2020,1.875,2019-09-18
2020,2.125,2019-09-18
2020,2.125,2019-09-18
2020,2.125,2019-09-18
2020,2.125,2019-09-18
2020,2.125,2019-09-18
2020,2.125,2019-09-18
2020,2.375,2019-09-18
2021,1.625,2019-09-18
2021,1.625,2019-09-18
2021,1.625,2019-09-18
2021,1.625,2019-09-18
2021,1.875,2019-09-18
2021,1.875,2019-09-18
2021,1.875,2019-09-18
2021,2.125,2019-09-18
2021,2.125,2019-09-18
2021,2.125,2019-09-18
2021,2.125,2019-09-18
2021,2.375,2019-09-18
2021,2.375,2019-09-18
2021,2.375,2019-09-18
2021,2.375,2019-09-18
2021,2.375,2019-09-18
2021,2.625,2019-09-18
2022,1.625,2019-09-18
2022,1.875,2019-09-18
2022,1.875,2019-09-18
2022,1.875,2019-09-18
2022,2.125,2019-09-18
2022,2.125,2019-09-18
2022,2.125,2019-09-18
2022,2.125,2019-09-18
2022,2.375,2019-09-18
2022,2.375,2019-09-18
2022,2.375,2019-09-18
2022,2.375,2019-09-18
2022,2.375,2019-09-18
2022,2.625,2019-09-18
2022,2.625,2019-09-18
2022,2.875,2019-09-18
2022,2.875,2019-09-18
Longer Run,2.0,2019-09-18
Longer Run,2.25,2019-09-18
Longer Run,2.375,2019-09-18
Longer Run,2.5,2019-09-18
Longer Run,2.5,2019-09-18
Longer Run,2.5,2019-09-18
Longer Run,2.5,2019-09-18
Longer Run,2.5,2019-09-18
Longer Run,2.5,2019-09-18
Longer Run,2.5,2019-09-18
Longer Run,2.5,2019-09-18
Longer Run,2.75,2019-09-18
Longer Run,2.75,2019-09-18
Longer Run,2.75,2019-09-18
Longer Run,3.0,2019-09-18
Longer Run,3.25,2019-09-18
2019,1.625,2019-12-11
2019,1.625,2019-12-11
2019,1.625,2019-12-11
2019,1.625,2019-12-11
2019,1.625,2019-12-11
2019,1.625,2019-12-11
2019,1.625,2019-12-11
2019,1.625,2019-12-11
2019,1.625,2019-12-11
2019,1.625,2019-12-11
2019,1.625,2019-12-11
2019,1.625,2019-12-11
2019,1.625,2019-12-11
2019,1.625,2019-12-11
2019,1.625,2019-12-11
2019,1.625,2019-12-11
2019,1.625,2019-12-11
2020,1.625,2019-12-11
2020,1.625,2019-12-11
2020,1.625,2019-12-11
2020,1.625,2019-12-11
2020,1.625,2019-12-11
2020,1.625,2019-12-11
2020,1.625,2019-12-11
2020,1.625,2019-12-11
2020,1.625,2019-12-11
2020,1.625,2019-12-11
2020,1.625,2019-12-11
2020,1.625,2019-12-11
2020,1.625,2019-12-11
2020,1.875,2019-12-11
2020,1.875,2019-12-11
2020,1.875,2019-12-11
2020,1.875,2019-12-11
2021,1.625,2019-12-11
2021,1.625,2019-12-11
2021,1.625,2019-12-11
2021,1.625,2019-12-11
2021,1.625,2019-12-11
2021,1.875,2019-12-11
2021,1.875,2019-12-11
2021,1.875,2019-12-11
2021,1.875,2019-12-11
2021,2.125,2019-12-11
2021,2.125,2019-12-11
2021,2.125,2019-12-11
2021,2.125,2019-12-11
2021,2.125,2019-12-11
2021,2.375,2019-12-11
2021,2.375,2019-12-11
2021,2.375,2019-12-11
2022,1.625,2019-12-11
2022,1.875,2019-12-11
2022,1.875,2019-12-11
2022,1.875,2019-12-11
2022,1.875,2019-12-11
2022,1.875,2019-12-11
2022,2.125,2019-12-11
2022,2.125,2019-12-11
2022,2.125,2019-12-11
2022,2.375,2019-12-11
2022,2.375,2019-12-11
2022,2.375,2019-12-11
2022,2.375,2019-12-11
2022,2.625,2019-12-11
2022,2.625,2019-12-11
2022,2.875,2019-12-11
2022,2.875,2019-12-11
Longer Run,2.0,2019-12-11
Longer Run,2.25,2019-12-11
Longer Run,2.25,2019-12-11
Longer Run,2.375,2019-12-11
Longer Run,2.5,2019-12-11
Longer Run,2.5,2019-12-11
Longer Run,2.5,2019-12-11
Longer Run,2.5,2019-12-11
Longer Run,2.5,2019-12-11
Longer Run,2.5,2019-12-11
Longer Run,2.5,2019-12-11
Longer Run,2.5,2019-12-11
Longer Run,2.75,2019-12-11
Longer Run,2.75,2019-12-11
Longer Run,3.0,2019-12-11
Longer Run,3.25,2019-12-11
2020,0.125,2020-06-10
2020,0.125,2020-06-10
2020,0.125,2020-06-10
2020,0.125,2020-06-10
2020,0.125,2020-06-10
2020,0.125,2020-06-10
2020,0.125,2020-06-10
2020,0.125,2020-06-10
2020,0.125,2020-06-10
2020,0.125,2020-06-10
2020,0.125,2020-06-10
2020,0.125,2020-06-10
2020,0.125,2020-06-10
2020,0.125,2020-06-10
2020,0.125,2020-06-10
2020,0.125,2020-06-10
2020,0.125,2020-06-10
2021,0.125,2020-06-10
2021,0.125,2020-06-10
2021,0.125,2020-06-10
2021,0.125,2020-06-10
2021,0.125,2020-06-10
2021,0.125,2020-06-10
2021,0.125,2020-06-10
2021,0.125,2020-06-10
2021,0.125,2020-06-10
2021,0.125,2020-06-10
2021,0.125,2020-06-10
2021,0.125,2020-06-10
2021,0.125,2020-06-10
2021,0.125,2020-06-10
2021,0.125,2020-06-10
2021,0.125,2020-06-10
2021,0.125,2020-06-10
2022,0.125,2020-06-10
2022,0.125,2020-06-10
2022,0.125,2020-06-10
2022,0.125,2020-06-10
2022,0.125,2020-06-10
2022,0.125,2020-06-10
2022,0.125,2020-06-10
2022,0.125,2020-06-10
2022,0.125,2020-06-10
2022,0.125,2020-06-10
2022,0.125,2020-06-10
2022,0.125,2020-06-10
2022,0.125,2020-06-10
2022,0.125,2020-06-10
2022,0.125,2020-06-10
2022,0.375,2020-06-10
2022,1.125,2020-06-10
Longer Run,2.0,2020-06-10
Longer Run,2.25,2020-06-10
Longer Run,2.25,2020-06-10
Longer Run,2.25,2020-06-10
Longer Run,2.375,2020-06-10
Longer Run,2.5,2020-06-10
Longer Run,2.5,2020-06-10
Longer Run,2.5,2020-06-10
Longer Run,2.5,2020-06-10
Longer Run,2.5,2020-06-10
Longer Run,2.5,2020-06-10
Longer Run,2.5,2020-06-10
Longer Run,2.5,2020-06-10
Longer Run,2.75,2020-06-10
Longer Run,3.0,2020-06-10
Longer Run,3.0,2020-06-10
2020,0.125,2020-09-16
2020,0.125,2020-09-16
2020,0.125,2020-09-16
2020,0.125,2020-09-16
2020,0.125,2020-09-16
2020,0.125,2020-09-16
2020,0.125,2020-09-16
2020,0.125,2020-09-16
2020,0.125,2020-09-16
2020,0.125,2020-09-16
2020,0.125,2020-09-16
2020,0.125,2020-09-16
2020,0.125,2020-09-16
2020,0.125,2020-09-16
2020,0.125,2020-09-16
2020,0.125,2020-09-16
2020,0.125,2020-09-16
2021,0.125,2020-09-16
2021,0.125,2020-09-16
2021,0.125,2020-09-16
2021,0.125,2020-09-16
2021,0.125,2020-09-16
2021,0.125,2020-09-16
2021,0.125,2020-09-16
2021,0.125,2020-09-16
2021,0.125,2020-09-16
2021,0.125,2020-09-16
2021,0.125,2020-09-16
2021,0.125,2020-09-16
2021,0.125,2020-09-16
2021,0.125,2020-09-16
2021,0.125,2020-09-16
2021,0.125,2020-09-16
2021,0.125,2020-09-16
2022,0.125,2020-09-16
2022,0.125,2020-09-16
2022,0.125,2020-09-16
2022,0.125,2020-09-16
2022,0.125,2020-09-16
2022,0.125,2020-09-16
2022,0.125,2020-09-16
2022,0.125,2020-09-16
2022,0.125,2020-09-16
2022,0.125,2020-09-16
2022,0.125,2020-09-16
2022,0.125,2020-09-16
2022,0.125,2020-09-16
2022,0.125,2020-09-16
2022,0.125,2020-09-16
2022,0.125,2020-09-16
2022,0.625,2020-09-16
2023,0.125,2020-09-16
2023,0.125,2020-09-16
2023,0.125,2020-09-16
2023,0.125,2020-09-16
2023,0.125,2020-09-16
2023,0.125,2020-09-16
2023,0.125,2020-09-16
2023,0.125,2020-09-16
2023,0.125,2020-09-16
2023,0.125,2020-09-16
2023,0.125,2020-09-16
2023,0.125,2020-09-16
2023,0.125,2020-09-16
2023,0.375,2020-09-16
2023,0.375,2020-09-16
2023,0.625,2020-09-16
2023,1.375,2020-09-16
Longer Run,2.0,2020-09-16
Longer Run,2.25,2020-09-16
Longer Run,2.25,2020-09-16
Longer Run,2.25,2020-09-16
Longer Run,2.375,2020-09-16
Longer Run,2.5,2020-09-16
Longer Run,2.5,2020-09-16
Longer Run,2.5,2020-09-16
Longer Run,2.5,2020-09-16
Longer Run,2.5,2020-09-16
Longer Run,2.5,2020-09-16
Longer Run,2.5,2020-09-16
Longer Run,2.5,2020-09-16
Longer Run,2.75,2020-09-16
Longer Run,3.0,2020-09-16
Longer Run,3.0,2020-09-16
2020,0.125,2020-12-16
2020,0.125,2020-12-16
2020,0.125,2020-12-16
2020,0.125,2020-12-16
2020,0.125,2020-12-16
2020,0.125,2020-12-16
2020,0.125,2020-12-16
2020,0.125,2020-12-16
2020,0.125,2020-12-16
2020,0.125,2020-12-16
2020,0.125,2020-12-16
2020,0.125,2020-12-16
2020,0.125,2020-12-16
2020,0.125,2020-12-16
2020,0.125,2020-12-16
2020,0.125,2020-12-16
2020,0.125,2020-12-16
2021,0.125,2020-12-16
2021,0.125,2020-12-16
2021,0.125,2020-12-16
2021,0.125,2020-12-16
2021,0.125,2020-12-16
2021,0.125,2020-12-16
2021,0.125,2020-12-16
2021,0.125,2020-12-16
2021,0.125,2020-12-16
2021,0.125,2020-12-16
2021,0.125,2020-12-16
2021,0.125,2020-12-16
2021,0.125,2020-12-16
2021,0.125,2020-12-16
2021,0.125,2020-12-16
2021,0.125,2020-12-16
2021,0.125,2020-12-16
2022,0.125,2020-12-16
2022,0.125,2020-12-16
2022,0.125,2020-12-16
2022,0.125,2020-12-16
2022,0.125,2020-12-16
2022,0.125,2020-12-16
2022,0.125,2020-12-16
2022,0.125,2020-12-16
2022,0.125,2020-12-16
2022,0.125,2020-12-16
2022,0.125,2020-12-16
2022,0.125,2020-12-16
2022,0.125,2020-12-16
2022,0.125,2020-12-16
2022,0.125,2020-12-16
2022,0.125,2020-12-16
2022,0.375,2020-12-16
2023,0.125,2020-12-16
2023,0.125,2020-12-16
2023,0.125,2020-12-16
2023,0.125,2020-12-16
2023,0.125,2020-12-16
2023,0.125,2020-12-16
2023,0.125,2020-12-16
2023,0.125,2020-12-16
2023,0.125,2020-12-16
2023,0.125,2020-12-16
2023,0.125,2020-12-16
2023,0.125,2020-12-16
2023,0.375,2020-12-16
2023,0.375,2020-12-16
2023,0.375,2020-12-16
2023,0.625,2020-12-16
2023,1.125,2020-12-16
Longer Run,2.0,2020-12-16
Longer Run,2.25,2020-12-16
Longer Run,2.25,2020-12-16
Longer Run,2.25,2020-12-16
Longer Run,2.375,2020-12-16
Longer Run,2.5,2020-12-16
Longer Run,2.5,2020-12-16
Longer Run,2.5,2020-12-16
Longer Run,2.5,2020-12-16
Longer Run,2.5,2020-12-16
Longer Run,2.5,2020-12-16
Longer Run,2.5,2020-12-16
Longer Run,2.5,2020-12-16
Longer Run,2.75,2020-12-16
Longer Run,3.0,2020-12-16
Longer Run,3.0,2020-12-16
2021,0.125,2021-03-17
2021,0.125,2021-03-17
2021,0.125,2021-03-17
2021,0.125,2021-03-17
2021,0.125,2021-03-17
2021,0.125,2021-03-17
2021,0.125,2021-03-17
2021,0.125,2021-03-17
2021,0.125,2021-03-17
2021,0.125,2021-03-17
2021,0.125,2021-03-17
2021,0.125,2021-03-17
2021,0.125,2021-03-17
2021,0.125,2021-03-17
2021,0.125,2021-03-17
2021,0.125,2021-03-17
2021,0.125,2021-03-17
2021,0.125,2021-03-17
2022,0.125,2021-03-17
2022,0.125,2021-03-17
2022,0.125,2021-03-17
2022,0.125,2021-03-17
2022,0.125,2021-03-17
2022,0.125,2021-03-17
2022,0.125,2021-03-17
2022,0.125,2021-03-17
2022,0.125,2021-03-17
2022,0.125,2021-03-17
2022,0.125,2021-03-17
2022,0.125,2021-03-17
2022,0.125,2021-03-17
2022,0.125,2021-03-17
2022,0.375,2021-03-17
2022,0.375,2021-03-17
2022,0.375,2021-03-17
2022,0.625,2021-03-17
2023,0.125,2021-03-17
2023,0.125,2021-03-17
2023,0.125,2021-03-17
2023,0.125,2021-03-17
2023,0.125,2021-03-17
2023,0.125,2021-03-17
2023,0.125,2021-03-17
2023,0.125,2021-03-17
2023,0.125,2021-03-17
2023,0.125,2021-03-17
2023,0.125,2021-03-17
2023,0.375,2021-03-17
2023,0.625,2021-03-17
2023,0.875,2021-03-17
2023,0.875,2021-03-17
2023,0.875,2021-03-17
2023,1.125,2021-03-17
2023,1.125,2021-03-17
Longer Run,2.0,2021-03-17
Longer Run,2.25,2021-03-17
Longer Run,2.25,2021-03-17
Longer Run,2.25,2021-03-17
Longer Run,2.25,2021-03-17
Longer Run,2.375,2021-03-17
Longer Run,2.5,2021-03-17
Longer Run,2.5,2021-03-17
Longer Run,2.5,2021-03-17
Longer Run,2.5,2021-03-17
Longer Run,2.5,2021-03-17
Longer Run,2.5,2021-03-17
Longer Run,2.5,2021-03-17
Longer Run,2.5,2021-03-17
Longer Run,2.75,2021-03-17
Longer Run,3.0,2021-03-17
Longer Run,3.0,2021-03-17
2021,0.125,2021-06-16
2021,0.125,2021-06-16
2021,0.125,2021-06-16
2021,0.125,2021-06-16
2021,0.125,2021-06-16
2021,0.125,2021-06-16
2021,0.125,2021-06-16
2021,0.125,2021-06-16
2021,0.125,2021-06-16
2021,0.125,2021-06-16
2021,0.125,2021-06-16
2021,0.125,2021-06-16
2021,0.125,2021-06-16
2021,0.125,2021-06-16
2021,0.125,2021-06-16
2021,0.125,2021-06-16
2021,0.125,2021-06-16
2021,0.125,2021-06-16
2022,0.125,2021-06-16
2022,0.125,2021-06-16
2022,0.125,2021-06-16
2022,0.125,2021-06-16
2022,0.125,2021-06-16
2022,0.125,2021-06-16
2022,0.125,2021-06-16
2022,0.125,2021-06-16
2022,0.125,2021-06-16
2022,0.125,2021-06-16
2022,0.125,2021-06-16
2022,0.375,2021-06-16
2022,0.375,2021-06-16
2022,0.375,2021-06-16
2022,0.375,2021-06-16
2022,0.375,2021-06-16
2022,0.625,2021-06-16
2022,0.625,2021-06-16
2023,0.125,2021-06-16
2023,0.125,2021-06-16
2023,0.125,2021-06-16
2023,0.125,2021-06-16
2023,0.125,2021-06-16
2023,0.375,2021-06-16
2023,0.375,2021-06-16
2023,0.625,2021-06-16
2023,0.625,2021-06-16
2023,0.625,2021-06-16
2023,0.875,2021-06-16
2023,0.875,2021-06-16
2023,0.875,2021-06-16
2023,1.125,2021-06-16
2023,1.125,2021-06-16
2023,1.125,2021-06-16
2023,1.625,2021-06-16
2023,1.625,2021-06-16
Longer Run,2.0,2021-06-16
Longer Run,2.25,2021-06-16
Longer Run,2.25,2021-06-16
Longer Run,2.25,2021-06-16
Longer Run,2.25,2021-06-16
Longer Run,2.375,2021-06-16
Longer Run,2.5,2021-06-16
Longer Run,2.5,2021-06-16
Longer Run,2.5,2021-06-16
Longer Run,2.5,2021-06-16
Longer Run,2.5,2021-06-16
Longer Run,2.5,2021-06-16
Longer Run,2.5,2021-06-16
Longer Run,2.5,2021-06-16
Longer Run,2.75,2021-06-16
Longer Run,3.0,2021-06-16
Longer Run,3.0,2021-06-16
2021,0.125,2021-09-22
2021,0.125,2021-09-22
2021,0.125,2021-09-22
2021,0.125,2021-09-22
2021,0.125,2021-09-22
2021,0.125,2021-09-22
2021,0.125,2021-09-22
2021,0.125,2021-09-22
2021,0.125,2021-09-22
2021,0.125,2021-09-22
2021,0.125,2021-09-22
2021,0.125,2021-09-22
2021,0.125,2021-09-22
2021,0.125,2021-09-22
2021,0.125,2021-09-22
2021,0.125,2021-09-22
2021,0.125,2021-09-22
2021,0.125,2021-09-22
2022,0.125,2021-09-22
2022,0.125,2021-09-22
2022,0.125,2021-09-22
2022,0.125,2021-09-22
2022,0.125,2021-09-22
2022,0.125,2021-09-22
2022,0.125,2021-09-22
2022,0.125,2021-09-22
2022,0.125,2021-09-22
2022,0.375,2021-09-22
2022,0.375,2021-09-22
2022,0.375,2021-09-22
2022,0.375,2021-09-22
2022,0.375,2021-09-22
2022,0.375,2021-09-22
2022,0.625,2021-09-22
2022,0.625,2021-09-22
2022,0.625,2021-09-22
2023,0.125,2021-09-22
2023,0.375,2021-09-22
2023,0.375,2021-09-22
2023,0.375,2021-09-22
2023,0.375,2021-09-22
2023,0.625,2021-09-22
2023,0.625,2021-09-22
2023,0.625,2021-09-22
2023,0.875,2021-09-22
2023,1.125,2021-09-22
2023,1.125,2021-09-22
2023,1.125,2021-09-22
2023,1.125,2021-09-22
2023,1.125,2021-09-22
2023,1.125,2021-09-22
2023,1.625,2021-09-22
2023,1.625,2021-09-22
2023,1.625,2021-09-22
2024,0.625,2021-09-22
2024,0.875,2021-09-22
2024,0.875,2021-09-22
2024,0.875,2021-09-22
2024,1.125,2021-09-22
2024,1.125,2021-09-22
2024,1.125,2021-09-22
2024,1.625,2021-09-22
2024,1.625,2021-09-22
2024,1.875,2021-09-22
2024,2.125,2021-09-22
2024,2.125,2021-09-22
2024,2.125,2021-09-22
2024,2.125,2021-09-22
2024,2.125,2021-09-22
2024,2.125,2021-09-22
2024,2.375,2021-09-22
2024,2.625,2021-09-22
Longer Run,2.0,2021-09-22
Longer Run,2.25,2021-09-22
Longer Run,2.25,2021-09-22
Longer Run,2.25,2021-09-22
Longer Run,2.25,2021-09-22
Longer Run,2.375,2021-09-22
Longer Run,2.5,2021-09-22
Longer Run,2.5,2021-09-22
Longer Run,2.5,2021-09-22
Longer Run,2.5,2021-09-22
Longer Run,2.5,2021-09-22
Longer Run,2.5,2021-09-22
Longer Run,2.5,2021-09-22
Longer Run,2.5,2021-09-22
Longer Run,2.5,2021-09-22
Longer Run,3.0,2021-09-22
Longer Run,3.0,2021-09-22
2021,0.125,2021-12-15
2021,0.125,2021-12-15
2021,0.125,2021-12-15
2021,0.125,2021-12-15
2021,0.125,2021-12-15
2021,0.125,2021-12-15
2021,0.125,2021-12-15
2021,0.125,2021-12-15
2021,0.125,2021-12-15
2021,0.125,2021-12-15
2021,0.125,2021-12-15
2021,0.125,2021-12-15
2021,0.125,2021-12-15
2021,0.125,2021-12-15
2021,0.125,2021-12-15
2021,0.125,2021-12-15
2021,0.125,2021-12-15
2021,0.125,2021-12-15
2022,0.375,2021-12-15
2022,0.625,2021-12-15
2022,0.625,2021-12-15
2022,0.625,2021-12-15
2022,0.625,2021-12-15
2022,0.625,2021-12-15
2022,0.875,2021-12-15
2022,0.875,2021-12-15
2022,0.875,2021-12-15
2022,0.875,2021-12-15
2022,0.875,2021-12-15
2022,0.875,2021-12-15
2022,0.875,2021-12-15
2022,0.875,2021-12-15
2022,0.875,2021-12-15
2022,0.875,2021-12-15
2022,1.125,2021-12-15
2022,1.125,2021-12-15
2023,1.125,2021-12-15
2023,1.125,2021-12-15
2023,1.375,2021-12-15
2023,1.375,2021-12-15
2023,1.375,2021-12-15
2023,1.375,2021-12-15
2023,1.375,2021-12-15
2023,1.625,2021-12-15
2023,1.625,2021-12-15
2023,1.625,2021-12-15
2023,1.875,2021-12-15
2023,1.875,2021-12-15
2023,1.875,2021-12-15
2023,1.875,2021-12-15
2023,1.875,2021-12-15
2023,2.125,2021-12-15
2023,2.125,2021-12-15
2023,2.125,2021-12-15
2024,1.875,2021-12-15
2024,1.875,2021-12-15
2024,1.875,2021-12-15
2024,1.875,2021-12-15
2024,1.875,2021-12-15
2024,2.125,2021-12-15
2024,2.125,2021-12-15
2024,2.125,2021-12-15
2024,2.125,2021-12-15
2024,2.125,2021-12-15
2024,2.25,2021-12-15
2024,2.375,2021-12-15
2024,2.375,2021-12-15
2024,2.875,2021-12-15
2024,2.875,2021-12-15
2024,2.875,2021-12-15
2024,2.875,2021-12-15
2024,3.125,2021-12-15
Longer Run,2.0,2021-12-15
Longer Run,2.25,2021-12-15
Longer Run,2.25,2021-12-15
Longer Run,2.25,2021-12-15
Longer Run,2.25,2021-12-15
Longer Run,2.375,2021-12-15
Longer Run,2.5,2021-12-15
Longer Run,2.5,2021-12-15
Longer Run,2.5,2021-12-15
Longer Run,2.5,2021-12-15
Longer Run,2.5,2021-12-15
Longer Run,2.5,2021-12-15
Longer Run,2.5,2021-12-15
Longer Run,2.5,2021-12-15
Longer Run,2.5,2021-12-15
Longer Run,3.0,2021-12-15
Longer Run,3.0,2021-12-15
2022,1.375,2022-03-16
2022,1.625,2022-03-16
2022,1.625,2022-03-16
2022,1.625,2022-03-16
2022,1.875,2022-03-16
2022,1.875,2022-03-16
2022,1.875,2022-03-16
2022,1.875,2022-03-16
2022,1.875,2022-03-16
2022,2.125,2022-03-16
2022,2.125,2022-03-16
2022,2.375,2022-03-16
2022,2.375,2022-03-16
2022,2.375,2022-03-16
2022,2.625,2022-03-16
2022,3.125,2022-03-16
2023,2.125,2022-03-16
2023,2.375,2022-03-16
2023,2.375,2022-03-16
2023,2.375,2022-03-16
2023,2.375,2022-03-16
2023,2.625,2022-03-16
2023,2.625,2022-03-16
2023,2.625,2022-03-16
2023,2.875,2022-03-16
2023,2.875,2022-03-16
2023,2.875,2022-03-16
2023,3.125,2022-03-16
2023,3.125,2022-03-16
2023,3.375,2022-03-16
2023,3.625,2022-03-16
2023,3.625,2022-03-16
2024,2.125,2022-03-16
2024,2.125,2022-03-16
2024,2.25,2022-03-16
2024,2.375,2022-03-16
2024,2.375,2022-03-16
2024,2.375,2022-03-16
2024,2.625,2022-03-16
2024,2.625,2022-03-16
2024,2.875,2022-03-16
2024,2.875,2022-03-16
2024,2.875,2022-03-16
2024,3.125,2022-03-16
2024,3.375,2022-03-16
2024,3.375,2022-03-16
2024,3.625,2022-03-16
2024,3.625,2022-03-16
Longer Run,2.0,2022-03-16
Longer Run,2.25,2022-03-16
Longer Run,2.25,2022-03-16
Longer Run,2.25,2022-03-16
Longer Run,2.25,2022-03-16
Longer Run,2.25,2022-03-16
Longer Run,2.25,2022-03-16
Longer Run,2.375,2022-03-16
Longer Run,2.5,2022-03-16
Longer Run,2.5,2022-03-16
Longer Run,2.5,2022-03-16
Longer Run,2.5,2022-03-16
Longer Run,2.5,2022-03-16
Longer Run,3.0,2022-03-16
Longer Run,3.0,2022-03-16
2022,3.125,2022-06-15
2022,3.125,2022-06-15
2022,3.125,2022-06-15
2022,3.125,2022-06-15
2022,3.125,2022-06-15
2022,3.375,2022-06-15
2022,3.375,2022-06-15
2022,3.375,2022-06-15
2022,3.375,2022-06-15
2022,3.375,2022-06-15
2022,3.375,2022-06-15
2022,3.375,2022-06-15
2022,3.375,2022-06-15
2022,3.625,2022-06-15
2022,3.625,2022-06-15
2022,3.625,2022-06-15
2022,3.625,2022-06-15
2022,3.875,2022-06-15
2023,2.875,2022-06-15
2023,3.375,2022-06-15
2023,3.625,2022-06-15
2023,3.625,2022-06-15
2023,3.625,2022-06-15
2023,3.625,2022-06-15
2023,3.625,2022-06-15
2023,3.625,2022-06-15
2023,3.625,2022-06-15
2023,3.875,2022-06-15
2023,3.875,2022-06-15
2023,3.875,2022-06-15
2023,3.875,2022-06-15
2023,4.125,2022-06-15
2023,4.125,2022-06-15
2023,4.125,2022-06-15
2023,4.125,2022-06-15
2023,4.375,2022-06-15
2024,2.125,2022-06-15
2024,2.25,2022-06-15
2024,2.875,2022-06-15
2024,2.875,2022-06-15
2024,3.125,2022-06-15
2024,3.125,2022-06-15
2024,3.375,2022-06-15
2024,3.375,2022-06-15
2024,3.375,2022-06-15
2024,3.375,2022-06-15
2024,3.375,2022-06-15
2024,3.375,2022-06-15
2024,3.375,2022-06-15
2024,3.375,2022-06-15
2024,3.625,2022-06-15
2024,3.625,2022-06-15
2024,3.875,2022-06-15
2024,4.125,2022-06-15
Longer Run,2.0,2022-06-15
Longer Run,2.25,2022-06-15
Longer Run,2.25,2022-06-15
Longer Run,2.25,2022-06-15
Longer Run,2.25,2022-06-15
Longer Run,2.25,2022-06-15
Longer Run,2.25,2022-06-15
Longer Run,2.375,2022-06-15
Longer Run,2.5,2022-06-15
Longer Run,2.5,2022-06-15
Longer Run,2.5,2022-06-15
Longer Run,2.5,2022-06-15
Longer Run,2.5,2022-06-15
Longer Run,2.5,2022-06-15
Longer Run,2.5,2022-06-15
Longer Run,3.0,2022-06-15
Longer Run,3.0,2022-06-15
2022,3.875,2022-09-21
2022,4.125,2022-09-21
2022,4.125,2022-09-21
2022,4.125,2022-09-21
2022,4.125,2022-09-21
2022,4.125,2022-09-21
2022,4.125,2022-09-21
2022,4.125,2022-09-21
2022,4.125,2022-09-21
2022,4.375,2022-09-21
2022,4.375,2022-09-21
2022,4.375,2022-09-21
2022,4.375,2022-09-21
2022,4.375,2022-09-21
2022,4.375,2022-09-21
2022,4.375,2022-09-21
2022,4.375,2022-09-21
2022,4.375,2022-09-21
2022,4.625,2022-09-21
2023,3.875,2022-09-21
2023,4.375,2022-09-21
2023,4.375,2022-09-21
2023,4.375,2022-09-21
2023,4.375,2022-09-21
2023,4.375,2022-09-21
2023,4.625,2022-09-21
2023,4.625,2022-09-21
2023,4.625,2022-09-21
2023,4.625,2022-09-21
2023,4.625,2022-09-21
2023,4.625,2022-09-21
2023,4.875,2022-09-21
2023,4.875,2022-09-21
2023,4.875,2022-09-21
2024,2.625,2022-09-21
2024,2.875,2022-09-21
2024,3.125,2022-09-21
2024,3.375,2022-09-21
2024,3.375,2022-09-21
2024,3.375,2022-09-21
2024,3.625,2022-09-21
2024,3.625,2022-09-21
2024,3.625,2022-09-21
2024,3.875,2022-09-21
2024,3.875,2022-09-21
2024,3.875,2022-09-21
2024,3.875,2022-09-21
2024,4.125,2022-09-21
2024,4.125,2022-09-21
2024,4.375,2022-09-21
2024,4.375,2022-09-21
2024,4.625,2022-09-21
2024,4.625,2022-09-21
2025,2.375,2022-09-21
2025,2.375,2022-09-21
2025,2.375,2022-09-21
2025,2.375,2022-09-21
2025,2.625,2022-09-21
2025,2.625,2022-09-21
2025,2.875,2022-09-21
2025,2.875,2022-09-21
2025,2.875,2022-09-21
2025,3.125,2022-09-21
2025,3.125,2022-09-21
2025,3.125,2022-09-21
2025,3.125,2022-09-21
2025,3.375,2022-09-21
2025,3.375,2022-09-21
2025,3.625,2022-09-21
2025,3.625,2022-09-21
2025,4.625,2022-09-21
Longer Run,2.25,2022-09-21
Longer Run,2.25,2022-09-21
Longer Run,2.25,2022-09-21
Longer Run,2.25,2022-09-21
Longer Run,2.25,2022-09-21
Longer Run,2.25,2022-09-21
Longer Run,2.375,2022-09-21
Longer Run,2.5,2022-09-21
Longer Run,2.5,2022-09-21
Longer Run,2.5,2022-09-21
Longer Run,2.5,2022-09-21
Longer Run,2.5,2022-09-21
Longer Run,2.5,2022-09-21
Longer Run,2.5,2022-09-21
Longer Run,2.625,2022-09-21
Longer Run,3.0,2022-09-21
Longer Run,3.0,2022-09-21
2022,4.375,2022-12-14
2022,4.375,2022-12-14
2022,4.375,2022-12-14
2022,4.375,2022-12-14
2022,4.375,2022-12-14
2022,4.375,2022-12-14
2022,4.375,2022-12-14
2022,4.375,2022-12-14
2022,4.375,2022-12-14
2022,4.375,2022-12-14
2022,4.375,2022-12-14
2022,4.375,2022-12-14
2022,4.375,2022-12-14
2022,4.375,2022-12-14
2022,4.375,2022-12-14
2022,4.375,2022-12-14
2022,4.375,2022-12-14
2022,4.375,2022-12-14
2023,4.375,2022-12-14
2023,4.875,2022-12-14
2023,5.125,2022-12-14
2023,5.125,2022-12-14
2023,5.125,2022-12-14
2023,5.125,2022-12-14
2023,5.125,2022-12-14
2023,5.125,2022-12-14
2023,5.125,2022-12-14
2023,5.125,2022-12-14
2023,5.125,2022-12-14
2023,5.125,2022-12-14
2023,5.375,2022-12-14
2023,5.375,2022-12-14
2023,5.375,2022-12-14
2023,5.625,2022-12-14
2023,5.625,2022-12-14
2024,3.125,2022-12-14
2024,3.375,2022-12-14
2024,3.875,2022-12-14
2024,3.875,2022-12-14
2024,3.875,2022-12-14
2024,4.125,2022-12-14
2024,4.125,2022-12-14
2024,4.125,2022-12-14
2024,4.125,2022-12-14
2024,4.125,2022-12-14
2024,4.125,2022-12-14
2024,4.125,2022-12-14
2024,4.625,2022-12-14
2024,4.625,2022-12-14
2024,4.875,2022-12-14
2024,4.875,2022-12-14
2024,5.125,2022-12-14
2024,5.625,2022-12-14
2025,2.375,2022-12-14
2025,2.625,2022-12-14
2025,2.625,2022-12-14
2025,2.625,2022-12-14
2025,2.875,2022-12-14
2025,2.875,2022-12-14
2025,3.125,2022-12-14
2025,3.125,2022-12-14
2025,3.125,2022-12-14
2025,3.125,2022-12-14
2025,3.375,2022-12-14
2025,3.375,2022-12-14
2025,3.625,2022-12-14
2025,3.625,2022-12-14
2025,3.875,2022-12-14
2025,4.125,2022-12-14
2025,4.375,2022-12-14
2025,5.625,2022-12-14
Longer Run,2.25,2022-12-14
Longer Run,2.25,2022-12-14
Longer Run,2.25,2022-12-14
Longer Run,2.25,2022-12-14
Longer Run,2.375,2022-12-14
Longer Run,2.375,2022-12-14
Longer Run,2.5,2022-12-14
Longer Run,2.5,2022-12-14
Longer Run,2.5,2022-12-14
Longer Run,2.5,2022-12-14
Longer Run,2.5,2022-12-14
Longer Run,2.5,2022-12-14
Longer Run,2.5,2022-12-14
Longer Run,2.5,2022-12-14
Longer Run,2.5,2022-12-14
Longer Run,2.625,2022-12-14
Longer Run,3.0,2022-12-14
Longer Run,3.25,2022-12-14
2023,4.875,2023-03-22
2023,5.125,2023-03-22
2023,5.125,2023-03-22
2023,5.125,2023-03-22
2023,5.125,2023-03-22
2023,5.125,2023-03-22
2023,5.125,2023-03-22
2023,5.125,2023-03-22
2023,5.125,2023-03-22
2023,5.125,2023-03-22
2023,5.125,2023-03-22
2023,5.375,2023-03-22
2023,5.375,2023-03-22
2023,5.375,2023-03-22
2023,5.625,2023-03-22
2023,5.625,2023-03-22
2023,5.625,2023-03-22
2023,5.875,2023-03-22
2024,3.375,2023-03-22
2024,3.625,2023-03-22
2024,3.875,2023-03-22
2024,3.875,2023-03-22
2024,4.125,2023-03-22
2024,4.125,2023-03-22
2024,4.125,2023-03-22
2024,4.125,2023-03-22
2024,4.125,2023-03-22
2024,4.375,2023-03-22
2024,4.375,2023-03-22
2024,4.625,2023-03-22
2024,4.625,2023-03-22
2024,4.625,2023-03-22
2024,5.125,2023-03-22
2024,5.125,2023-03-22
2024,5.375,2023-03-22
2024,5.625,2023-03-22
2025,2.375,2023-03-22
2025,2.625,2023-03-22
2025,2.625,2023-03-22
2025,2.875,2023-03-22
2025,2.875,2023-03-22
2025,2.875,2023-03-22
2025,2.875,2023-03-22
2025,3.125,2023-03-22
2025,3.125,2023-03-22
2025,3.125,2023-03-22
2025,3.125,2023-03-22
2025,3.375,2023-03-22
2025,3.375,2023-03-22
2025,3.625,2023-03-22
2025,3.875,2023-03-22
2025,4.125,2023-03-22
2025,4.375,2023-03-22
2025,5.625,2023-03-22
Longer Run,2.25,2023-03-22
Longer Run,2.25,2023-03-22
Longer Run,2.25,2023-03-22
Longer Run,2.375,2023-03-22
Longer Run,2.375,2023-03-22
Longer Run,2.5,2023-03-22
Longer Run,2.5,2023-03-22
Longer Run,2.5,2023-03-22
Longer Run,2.5,2023-03-22
Longer Run,2.5,2023-03-22
Longer Run,2.5,2023-03-22
Longer Run,2.5,2023-03-22
Longer Run,2.5,2023-03-22
Longer Run,2.625,2023-03-22
Longer Run,3.0,2023-03-22
Longer Run,3.25,2023-03-22
Longer Run,3.625,2023-03-22
2023,5.125,2023-06-14
2023,5.125,2023-06-14
2023,5.375,2023-06-14
2023,5.375,2023-06-14
2023,5.375,2023-06-14
2023,5.375,2023-06-14
2023,5.625,2023-06-14
2023,5.625,2023-06-14
2023,5.625,2023-06-14
2023,5.625,2023-06-14
2023,5.625,2023-06-14
2023,5.625,2023-06-14
2023,5.625,2023-06-14
2023,5.625,2023-06-14
2023,5.625,2023-06-14
2023,5.875,2023-06-14
2023,5.875,2023-06-14
2023,6.125,2023-06-14
2024,3.625,2023-06-14
2024,4.125,2023-06-14
2024,4.375,2023-06-14
2024,4.375,2023-06-14
2024,4.375,2023-06-14
2024,4.375,2023-06-14
2024,4.375,2023-06-14
2024,4.375,2023-06-14
2024,4.625,2023-06-14
2024,4.625,2023-06-14
2024,4.875,2023-06-14
2024,4.875,2023-06-14
2024,5.125,2023-06-14
2024,5.125,2023-06-14
2024,5.125,2023-06-14
2024,5.625,2023-06-14
2024,5.625,2023-06-14
2024,5.875,2023-06-14
2025,2.375,2023-06-14
2025,2.625,2023-06-14
2025,2.625,2023-06-14
2025,2.875,2023-06-14
2025,3.125,2023-06-14
2025,3.125,2023-06-14
2025,3.125,2023-06-14
2025,3.375,2023-06-14
2025,3.375,2023-06-14
2025,3.375,2023-06-14
2025,3.625,2023-06-14
2025,3.625,2023-06-14
2025,3.875,2023-06-14
2025,4.125,2023-06-14
2025,4.125,2023-06-14
2025,4.625,2023-06-14
2025,4.875,2023-06-14
2025,5.625,2023-06-14
Longer Run,2.375,2023-06-14
Longer Run,2.375,2023-06-14
Longer Run,2.375,2023-06-14
Longer Run,2.5,2023-06-14
Longer Run,2.5,2023-06-14
Longer Run,2.5,2023-06-14
Longer Run,2.5,2023-06-14
Longer Run,2.5,2023-06-14
Longer Run,2.5,2023-06-14
Longer Run,2.5,2023-06-14
Longer Run,2.625,2023-06-14
Longer Run,2.625,2023-06-14
Longer Run,2.75,2023-06-14
Longer Run,2.75,2023-06-14
Longer Run,3.0,2023-06-14
Longer Run,3.25,2023-06-14
Longer Run,3.625,2023-06-14
2023,5.375,2023-09-20
2023,5.375,2023-09-20
2023,5.375,2023-09-20
2023,5.375,2023-09-20
2023,5.375,2023-09-20
2023,5.375,2023-09-20
2023,5.375,2023-09-20
2023,5.625,2023-09-20
2023,5.625,2023-09-20
2023,5.625,2023-09-20
2023,5.625,2023-09-20
2023,5.625,2023-09-20
2023,5.625,2023-09-20
2023,5.625,2023-09-20
2023,5.625,2023-09-20
2023,5.625,2023-09-20
2023,5.625,2023-09-20
2023,5.625,2023-09-20
2023,5.625,2023-09-20
2024,4.375,2023-09-20
2024,4.375,2023-09-20
2024,4.625,2023-09-20
2024,4.625,2023-09-20
2024,4.625,2023-09-20
2024,4.875,2023-09-20
2024,4.875,2023-09-20
2024,4.875,2023-09-20
2024,5.125,2023-09-20
2024,5.125,2023-09-20
2024,5.125,2023-09-20
2024,5.125,2023-09-20
2024,5.375,2023-09-20
2024,5.375,2023-09-20
2024,5.375,2023-09-20
2024,5.375,2023-09-20
2024,5.625,2023-09-20
2024,6.125,2023-09-20
2025,2.625,2023-09-20
2025,2.875,2023-09-20
2025,3.125,2023-09-20
2025,3.375,2023-09-20
2025,3.375,2023-09-20
2025,3.625,2023-09-20
2025,3.625,2023-09-20
2025,3.875,2023-09-20
2025,3.875,2023-09-20
2025,4.125,2023-09-20
2025,4.125,2023-09-20
2025,4.125,2023-09-20
2025,4.625,2023-09-20
2025,4.875,2023-09-20
2025,5.125,2023-09-20
2025,5.375,2023-09-20
2025,5.625,2023-09-20
2026,2.375,2023-09-20
2026,2.375,2023-09-20
2026,2.5,2023-09-20
2026,2.625,2023-09-20
2026,2.625,2023-09-20
2026,2.625,2023-09-20
2026,2.625,2023-09-20
2026,2.875,2023-09-20
2026,2.875,2023-09-20
2026,3.125,2023-09-20
2026,3.125,2023-09-20
2026,3.875,2023-09-20
2026,4.125,2023-09-20
2026,4.125,2023-09-20
2026,4.625,2023-09-20
2026,4.875,2023-09-20
2026,4.875,2023-09-20
Longer Run,2.375,2023-09-20
Longer Run,2.375,2023-09-20
Longer Run,2.5,2023-09-20
Longer Run,2.5,2023-09-20
Longer Run,2.5,2023-09-20
Longer Run,2.5,2023-09-20
Longer Run,2.5,2023-09-20
Longer Run,2.5,2023-09-20
Longer Run,2.5,2023-09-20
Longer Run,2.5,2023-09-20
Longer Run,2.625,2023-09-20
Longer Run,2.625,2023-09-20
Longer Run,3.0,2023-09-20
Longer Run,3.25,2023-09-20
Longer Run,3.5,2023-09-20
Longer Run,3.75,2023-09-20
Longer Run,3.75,2023-09-20
2023,5.375,2023-12-13
2023,5.375,2023-12-13
2023,5.375,2023-12-13
2023,5.375,2023-12-13
2023,5.375,2023-12-13
2023,5.375,2023-12-13
2023,5.375,2023-12-13
2023,5.375,2023-12-13
2023,5.375,2023-12-13
2023,5.375,2023-12-13
2023,5.375,2023-12-13
2023,5.375,2023-12-13
2023,5.375,2023-12-13
2023,5.375,2023-12-13
2023,5.375,2023-12-13
2023,5.375,2023-12-13
2023,5.375,2023-12-13
2023,5.375,2023-12-13
2024,3.875,2023-12-13
2024,4.375,2023-12-13
2024,4.375,2023-12-13
2024,4.375,2023-12-13
2024,4.375,2023-12-13
2024,4.625,2023-12-13
2024,4.625,2023-12-13
2024,4.625,2023-12-13
2024,4.625,2023-12-13
2024,4.625,2023-12-13
2024,4.625,2023-12-13
2024,4.875,2023-12-13
2024,4.875,2023-12-13
2024,4.875,2023-12-13
2024,5.125,2023-12-13
2024,5.375,2023-12-13
2024,5.375,2023-12-13
2024,5.375,2023-12-13
2025,2.375,2023-12-13
2025,2.875,2023-12-13
2025,3.125,2023-12-13
2025,3.125,2023-12-13
2025,3.375,2023-12-13
2025,3.375,2023-12-13
2025,3.375,2023-12-13
2025,3.375,2023-12-13
2025,3.625,2023-12-13
2025,3.625,2023-12-13
2025,3.875,2023-12-13
2025,3.875,2023-12-13
2025,3.875,2023-12-13
2025,3.875,2023-12-13
2025,4.125,2023-12-13
2025,4.375,2023-12-13
2025,5.375,2023-12-13
2026,2.375,2023-12-13
2026,2.375,2023-12-13
2026,2.5,2023-12-13
2026,2.625,2023-12-13
2026,2.625,2023-12-13
2026,2.625,2023-12-13
2026,2.625,2023-12-13
2026,2.875,2023-12-13
2026,2.875,2023-12-13
2026,2.875,2023-12-13
2026,2.875,2023-12-13
2026,3.125,2023-12-13
2026,3.125,2023-12-13
2026,3.125,2023-12-13
2026,3.125,2023-12-13
2026,3.375,2023-12-13
2026,3.625,2023-12-13
2026,4.875,2023-12-13
Longer Run,2.375,2023-12-13
Longer Run,2.375,2023-12-13
Longer Run,2.5,2023-12-13
Longer Run,2.5,2023-12-13
Longer Run,2.5,2023-12-13
Longer Run,2.5,2023-12-13
Longer Run,2.5,2023-12-13
Longer Run,2.5,2023-12-13
Longer Run,2.5,2023-12-13
Longer Run,2.5,2023-12-13
Longer Run,2.625,2023-12-13
Longer Run,2.75,2023-12-13
Longer Run,2.875,2023-12-13
Longer Run,3.0,2023-12-13
Longer Run,3.5,2023-12-13
Longer Run,3.5,2023-12-13
Longer Run,3.75,2023-12-13
2024,4.375,2024-03-20
2024,4.625,2024-03-20
2024,4.625,2024-03-20
2024,4.625,2024-03-20
2024,4.625,2024-03-20
2024,4.625,2024-03-20
2024,4.625,2024-03-20
2024,4.625,2024-03-20
2024,4.625,2024-03-20
2024,4.625,2024-03-20
2024,4.875,2024-03-20
2024,4.875,2024-03-20
2024,4.875,2024-03-20
2024,4.875,2024-03-20
2024,4.875,2024-03-20
2024,5.125,2024-03-20
2024,5.125,2024-03-20
2024,5.375,2024-03-20
2024,5.375,2024-03-20
2025,2.625,2024-03-20
2025,3.125,2024-03-20
2025,3.125,2024-03-20
2025,3.375,2024-03-20
2025,3.625,2024-03-20
2025,3.625,2024-03-20
2025,3.625,2024-03-20
2025,3.625,2024-03-20
2025,3.625,2024-03-20
2025,3.875,2024-03-20
2025,3.875,2024-03-20
2025,3.875,2024-03-20
2025,3.875,2024-03-20
2025,3.875,2024-03-20
2025,3.875,2024-03-20
2025,4.125,2024-03-20
2025,4.375,2024-03-20
2025,4.375,2024-03-20
2025,5.375,2024-03-20
2026,2.375,2024-03-20
2026,2.375,2024-03-20
2026,2.5,2024-03-20
2026,2.625,2024-03-20
2026,2.875,2024-03-20
2026,2.875,2024-03-20
2026,2.875,2024-03-20
2026,2.875,2024-03-20
2026,2.875,2024-03-20
2026,3.125,2024-03-20
2026,3.125,2024-03-20
2026,3.125,2024-03-20
2026,3.125,2024-03-20
2026,3.125,2024-03-20
2026,3.125,2024-03-20
2026,3.375,2024-03-20
2026,3.375,2024-03-20
2026,3.625,2024-03-20
2026,4.875,2024-03-20
Longer Run,2.375,2024-03-20
Longer Run,2.5,2024-03-20
Longer Run,2.5,2024-03-20
Longer Run,2.5,2024-03-20
Longer Run,2.5,2024-03-20
Longer Run,2.5,2024-03-20
Longer Run,2.5,2024-03-20
Longer Run,2.5,2024-03-20
Longer Run,2.5,2024-03-20
Longer Run,2.625,2024-03-20
Longer Run,2.75,2024-03-20
Longer Run,3.0,2024-03-20
Longer Run,3.0,2024-03-20
Longer Run,3.0,2024-03-20
Longer Run,3.125,2024-03-20
Longer Run,3.5,2024-03-20
Longer Run,3.5,2024-03-20
Longer Run,3.75,2024-03-20
2024,4.875,2024-06-12
2024,4.875,2024-06-12
2024,4.875,2024-06-12
2024,4.875,2024-06-12
2024,4.875,2024-06-12
2024,4.875,2024-06-12
2024,4.875,2024-06-12
2024,4.875,2024-06-12
2024,5.125,2024-06-12
2024,5.125,2024-06-12
2024,5.125,2024-06-12
2024,5.125,2024-06-12
2024,5.125,2024-06-12
2024,5.125,2024-06-12
2024,5.125,2024-06-12
2024,5.375,2024-06-12
2024,5.375,2024-06-12
2024,5.375,2024-06-12
2024,5.375,2024-06-12
2025,2.875,2024-06-12
2025,3.625,2024-06-12
2025,3.875,2024-06-12
2025,3.875,2024-06-12
2025,4.125,2024-06-12
2025,4.125,2024-06-12
2025,4.125,2024-06-12
2025,4.125,2024-06-12
2025,4.125,2024-06-12
2025,4.125,2024-06-12
2025,4.125,2024-06-12
2025,4.125,2024-06-12
2025,4.125,2024-06-12
2025,4.375,2024-06-12
2025,4.375,2024-06-12
2025,4.375,2024-06-12
2025,4.375,2024-06-12
2025,4.875,2024-06-12
2025,5.375,2024-06-12
2026,2.375,2024-06-12
2026,2.625,2024-06-12
2026,2.875,2024-06-12
2026,2.875,2024-06-12
2026,3.125,2024-06-12
2026,3.125,2024-06-12
2026,3.125,2024-06-12
2026,3.125,2024-06-12
2026,3.125,2024-06-12
2026,3.125,2024-06-12
2026,3.125,2024-06-12
2026,3.375,2024-06-12
2026,3.375,2024-06-12
2026,3.375,2024-06-12
2026,3.625,2024-06-12
2026,3.625,2024-06-12
2026,3.625,2024-06-12
2026,4.125,2024-06-12
2026,4.875,2024-06-12
Longer Run,2.375,2024-06-12
Longer Run,2.5,2024-06-12
Longer Run,2.5,2024-06-12
Longer Run,2.5,2024-06-12
Longer Run,2.5,2024-06-12
Longer Run,2.5,2024-06-12
Longer Run,2.625,2024-06-12
Longer Run,2.75,2024-06-12
Longer Run,2.75,2024-06-12
Longer Run,2.75,2024-06-12
Longer Run,3.0,2024-06-12
Longer Run,3.0,2024-06-12
Longer Run,3.0,2024-06-12
Longer Run,3.0,2024-06-12
Longer Run,3.125,2024-06-12
Longer Run,3.5,2024-06-12
Longer Run,3.5,2024-06-12
Longer Run,3.625,2024-06-12
Longer Run,3.75,2024-06-12
2024,4.125,2024-09-18
2024,4.375,2024-09-18
2024,4.375,2024-09-18
2024,4.375,2024-09-18
2024,4.375,2024-09-18
2024,4.375,2024-09-18
2024,4.375,2024-09-18
2024,4.375,2024-09-18
2024,4.375,2024-09-18
2024,4.375,2024-09-18
2024,4.625,2024-09-18
2024,4.625,2024-09-18
2024,4.625,2024-09-18
2024,4.625,2024-09-18
2024,4.625,2024-09-18
2024,4.625,2024-09-18
2024,4.625,2024-09-18
2024,4.875,2024-09-18
2024,4.875,2024-09-18
2025,2.875,2024-09-18
2025,2.875,2024-09-18
2025,3.125,2024-09-18
2025,3.125,2024-09-18
2025,3.125,2024-09-18
2025,3.125,2024-09-18
2025,3.125,2024-09-18
2025,3.125,2024-09-18
2025,3.375,2024-09-18
2025,3.375,2024-09-18
2025,3.375,2024-09-18
2025,3.375,2024-09-18
2025,3.375,2024-09-18
2025,3.375,2024-09-18
2025,3.625,2024-09-18
2025,3.625,2024-09-18
2025,3.875,2024-09-18
2025,4.125,2024-09-18
2026,2.375,2024-09-18
2026,2.625,2024-09-18
2026,2.625,2024-09-18
2026,2.875,2024-09-18
2026,2.875,2024-09-18
2026,2.875,2024-09-18
2026,2.875,2024-09-18
2026,2.875,2024-09-18
2026,2.875,2024-09-18
2026,3.125,2024-09-18
2026,3.125,2024-09-18
2026,3.375,2024-09-18
2026,3.375,2024-09-18
2026,3.625,2024-09-18
2026,3.625,2024-09-18
2026,3.875,2024-09-18
2027,2.375,2024-09-18
2027,2.375,2024-09-18
2027,2.625,2024-09-18
2027,2.625,2024-09-18
2027,2.625,2024-09-18
2027,2.875,2024-09-18
2027,2.875,2024-09-18
2027,2.875,2024-09-18
2027,2.875,2024-09-18
2027,2.875,2024-09-18
2027,3.125,2024-09-18
2027,3.125,2024-09-18
2027,3.375,2024-09-18
2027,3.375,2024-09-18
2027,3.375,2024-09-18
2027,3.625,2024-09-18
2027,3.625,2024-09-18
2027,3.875,2024-09-18
Longer Run,2.375,2024-09-18
Longer Run,2.5,2024-09-18
Longer Run,2.5,2024-09-18
Longer Run,2.5,2024-09-18
Longer Run,2.625,2024-09-18
Longer Run,2.75,2024-09-18
Longer Run,2.75,2024-09-18
Longer Run,2.75,2024-09-18
Longer Run,2.875,2024-09-18
Longer Run,2.875,2024-09-18
Longer Run,3.0,2024-09-18
Longer Run,3.0,2024-09-18
Longer Run,3.25,2024-09-18
Longer Run,3.375,2024-09-18
Longer Run,3.375,2024-09-18
Longer Run,3.5,2024-09-18
Longer Run,3.5,2024-09-18
Longer Run,3.625,2024-09-18
Longer Run,3.75,2024-09-18
2024,4.375,2024-12-18
2024,4.375,2024-12-18
2024,4.375,2024-12-18
2024,4.375,2024-12-18
2024,4.375,2024-12-18
2024,4.375,2024-12-18
2024,4.375,2024-12-18
2024,4.375,2024-12-18
2024,4.375,2024-12-18
2024,4.375,2024-12-18
2024,4.375,2024-12-18
2024,4.375,2024-12-18
2024,4.375,2024-12-18
2024,4.375,2024-12-18
2024,4.375,2024-12-18
2024,4.625,2024-12-18
2024,4.625,2024-12-18
2024,4.625,2024-12-18
2024,4.625,2024-12-18
2025,3.125,2024-12-18
2025,3.375,2024-12-18
2025,3.625,2024-12-18
2025,3.625,2024-12-18
2025,3.875,2024-12-18
2025,3.875,2024-12-18
2025,3.875,2024-12-18
2025,3.875,2024-12-18
2025,3.875,2024-12-18
2025,3.875,2024-12-18
2025,3.875,2024-12-18
2025,3.875,2024-12-18
2025,3.875,2024-12-18
2025,3.875,2024-12-18
2025,4.125,2024-12-18
2025,4.125,2024-12-18
2025,4.125,2024-12-18
2025,4.375,2024-12-18
2026,2.375,2024-12-18
2026,2.75,2024-12-18
2026,2.875,2024-12-18
2026,3.125,2024-12-18
2026,3.125,2024-12-18
2026,3.125,2024-12-18
2026,3.125,2024-12-18
2026,3.375,2024-12-18
2026,3.375,2024-12-18
2026,3.375,2024-12-18
2026,3.375,2024-12-18
2026,3.625,2024-12-18
2026,3.625,2024-12-18
2026,3.625,2024-12-18
2026,3.625,2024-12-18
2026,3.875,2024-12-18
2026,3.875,2024-12-18
2027,2.375,2024-12-18
2027,2.625,2024-12-18
2027,2.75,2024-12-18
2027,2.875,2024-12-18
2027,2.875,2024-12-18
2027,3.125,2024-12-18
2027,3.125,2024-12-18
2027,3.125,2024-12-18
2027,3.125,2024-12-18
2027,3.125,2024-12-18
2027,3.125,2024-12-18
2027,3.125,2024-12-18
2027,3.375,2024-12-18
2027,3.625,2024-12-18
2027,3.625,2024-12-18
2027,3.625,2024-12-18
2027,3.625,2024-12-18
2027,3.875,2024-12-18
2027,3.875,2024-12-18
Longer Run,2.375,2024-12-18
Longer Run,2.5,2024-12-18
Longer Run,2.625,2024-12-18
Longer Run,2.75,2024-12-18
Longer Run,2.875,2024-12-18
Longer Run,2.875,2024-12-18
Longer Run,2.875,2024-12-18
Longer Run,2.875,2024-12-18
Longer Run,3.0,2024-12-18
Longer Run,3.0,2024-12-18
Longer Run,3.125,2024-12-18
Longer Run,3.375,2024-12-18
Longer Run,3.5,2024-12-18
Longer Run,3.5,2024-12-18
Longer Run,3.625,2024-12-18
Longer Run,3.625,2024-12-18
Longer Run,3.75,2024-12-18
Longer Run,3.875,2024-12-18
2025,3.625,2025-03-19
2025,3.625,2025-03-19
2025,3.875,2025-03-19
2025,3.875,2025-03-19
2025,3.875,2025-03-19
2025,3.875,2025-03-19
2025,3.875,2025-03-19
2025,3.875,2025-03-19
2025,3.875,2025-03-19
2025,3.875,2025-03-19
2025,3.875,2025-03-19
2025,4.125,2025-03-19
2025,4.125,2025-03-19
2025,4.125,2025-03-19
2025,4.125,2025-03-19
2025,4.375,2025-03-19
2025,4.375,2025-03-19
2025,4.375,2025-03-19
2025,4.375,2025-03-19
2026,2.875,2025-03-19
2026,2.875,2025-03-19
2026,2.875,2025-03-19
2026,3.125,2025-03-19
2026,3.375,2025-03-19
2026,3.375,2025-03-19
2026,3.375,2025-03-19
2026,3.375,2025-03-19
2026,3.375,2025-03-19
2026,3.375,2025-03-19
2026,3.375,2025-03-19
2026,3.375,2025-03-19
2026,3.375,2025-03-19
2026,3.625,2025-03-19
2026,3.625,2025-03-19
2026,3.875,2025-03-19
2026,4.125,2025-03-19
2026,4.125,2025-03-19
2026,4.125,2025-03-19
2027,2.625,2025-03-19
2027,2.625,2025-03-19
2027,2.875,2025-03-19
2027,2.875,2025-03-19
2027,2.875,2025-03-19
2027,3.125,2025-03-19
2027,3.125,2025-03-19
2027,3.125,2025-03-19
2027,3.125,2025-03-19
2027,3.125,2025-03-19
2027,3.125,2025-03-19
2027,3.375,2025-03-19
2027,3.375,2025-03-19
2027,3.625,2025-03-19
2027,3.625,2025-03-19
2027,3.625,2025-03-19
2027,3.625,2025-03-19
2027,3.875,2025-03-19
2027,3.875,2025-03-19
Longer Run,2.5,2025-03-19
Longer Run,2.5,2025-03-19
Longer Run,2.625,2025-03-19
Longer Run,2.625,2025-03-19
Longer Run,2.875,2025-03-19
Longer Run,2.875,2025-03-19
Longer Run,2.875,2025-03-19
Longer Run,2.875,2025-03-19
Longer Run,3.0,2025-03-19
Longer Run,3.0,2025-03-19
Longer Run,3.0,2025-03-19
Longer Run,3.125,2025-03-19
Longer Run,3.375,2025-03-19
Longer Run,3.5,2025-03-19
Longer Run,3.5,2025-03-19
Longer Run,3.625,2025-03-19
Longer Run,3.625,2025-03-19
Longer Run,3.75,2025-03-19
Longer Run,3.875,2025-03-19
2025,3.625,2025-06-18
2025,3.625,2025-06-18
2025,3.875,2025-06-18
2025,3.875,2025-06-18
2025,3.875,2025-06-18
2025,3.875,2025-06-18
2025,3.875,2025-06-18
2025,3.875,2025-06-18
2025,3.875,2025-06-18
2025,3.875,2025-06-18
2025,4.125,2025-06-18
2025,4.125,2025-06-18
2025,4.375,2025-06-18
2025,4.375,2025-06-18
2025,4.375,2025-06-18
2025,4.375,2025-06-18
2025,4.375,2025-06-18
2025,4.375,2025-06-18
2025,4.375,2025-06-18
2026,2.625,2025-06-18
2026,2.875,2025-06-18
2026,3.125,2025-06-18
2026,3.125,2025-06-18
2026,3.375,2025-06-18
2026,3.375,2025-06-18
2026,3.375,2025-06-18
2026,3.375,2025-06-18
2026,3.375,2025-06-18
2026,3.625,2025-06-18
2026,3.625,2025-06-18
2026,3.625,2025-06-18
2026,3.625,2025-06-18
2026,3.875,2025-06-18
2026,3.875,2025-06-18
2026,3.875,2025-06-18
2026,3.875,2025-06-18
2026,3.875,2025-06-18
2026,4.125,2025-06-18
2027,2.625,2025-06-18
2027,2.625,2025-06-18
2027,2.875,2025-06-18
2027,2.875,2025-06-18
2027,2.875,2025-06-18
2027,3.125,2025-06-18
2027,3.125,2025-06-18
2027,3.125,2025-06-18
2027,3.375,2025-06-18
2027,3.375,2025-06-18
2027,3.375,2025-06-18
2027,3.375,2025-06-18
2027,3.375,2025-06-18
2027,3.375,2025-06-18
2027,3.625,2025-06-18
2027,3.625,2025-06-18
2027,3.625,2025-06-18
2027,3.875,2025-06-18
2027,3.875,2025-06-18
Longer Run,2.5,2025-06-18
Longer Run,2.5,2025-06-18
Longer Run,2.625,2025-06-18
Longer Run,2.625,2025-06-18
Longer Run,2.875,2025-06-18
Longer Run,2.875,2025-06-18
Longer Run,2.875,2025-06-18
Longer Run,2.875,2025-06-18
Longer Run,3.0,2025-06-18
Longer Run,3.0,2025-06-18
Longer Run,3.0,2025-06-18
Longer Run,3.125,2025-06-18
Longer Run,3.375,2025-06-18
Longer Run,3.5,2025-06-18
Longer Run,3.5,2025-06-18
Longer Run,3.625,2025-06-18
Longer Run,3.625,2025-06-18
Longer Run,3.75,2025-06-18
Longer Run,3.875,2025-06-18
2025,2.875,2025-09-17
2025,3.625,2025-09-17
2025,3.625,2025-09-17
2025,3.625,2025-09-17
2025,3.625,2025-09-17
2025,3.625,2025-09-17
2025,3.625,2025-09-17
2025,3.625,2025-09-17
2025,3.625,2025-09-17
2025,3.625,2025-09-17
2025,3.875,2025-09-17
2025,3.875,2025-09-17
2025,4.125,2025-09-17
2025,4.125,2025-09-17
2025,4.125,2025-09-17
2025,4.125,2025-09-17
2025,4.125,2025-09-17
2025,4.125,2025-09-17
2025,4.375,2025-09-17
2026,2.625,2025-09-17
2026,2.625,2025-09-17
2026,2.875,2025-09-17
2026,2.875,2025-09-17
2026,3.125,2025-09-17
2026,3.125,2025-09-17
2026,3.125,2025-09-17
2026,3.125,2025-09-17
2026,3.375,2025-09-17
2026,3.375,2025-09-17
2026,3.625,2025-09-17
2026,3.625,2025-09-17
2026,3.625,2025-09-17
2026,3.625,2025-09-17
2026,3.625,2025-09-17
2026,3.875,2025-09-17
2026,3.875,2025-09-17
2027,2.375,2025-09-17
2027,2.625,2025-09-17
2027,2.625,2025-09-17
2027,2.875,2025-09-17
2027,2.875,2025-09-17
2027,2.875,2025-09-17
2027,3.125,2025-09-17
2027,3.125,2025-09-17
2027,3.125,2025-09-17
2027,3.125,2025-09-17
2027,3.125,2025-09-17
2027,3.125,2025-09-17
2027,3.125,2025-09-17
2027,3.375,2025-09-17
2027,3.375,2025-09-17
2027,3.625,2025-09-17
2027,3.625,2025-09-17
2027,3.875,2025-09-17
2027,3.875,2025-09-17
2028,2.625,2025-09-17
2028,2.625,2025-09-17
2028,2.625,2025-09-17
2028,2.75,2025-09-17
2028,2.875,2025-09-17
2028,2.875,2025-09-17
2028,2.875,2025-09-17
2028,2.875,2025-09-17
2028,3.125,2025-09-17
2028,3.125,2025-09-17
2028,3.125,2025-09-17
2028,3.125,2025-09-17
2028,3.125,2025-09-17
2028,3.375,2025-09-17
2028,3.375,2025-09-17
2028,3.625,2025-09-17
2028,3.625,2025-09-17
2028,3.875,2025-09-17
2028,3.875,2025-09-17
Longer Run,2.625,2025-09-17
Longer Run,2.625,2025-09-17
Longer Run,2.625,2025-09-17
Longer Run,2.75,2025-09-17
Longer Run,2.75,2025-09-17
Longer Run,2.875,2025-09-17
Longer Run,3.0,2025-09-17
Longer Run,3.0,2025-09-17
Longer Run,3.0,2025-09-17
Longer Run,3.0,2025-09-17
Longer Run,3.125,2025-09-17
Longer Run,3.125,2025-09-17
Longer Run,3.25,2025-09-17
Longer Run,3.375,2025-09-17
Longer Run,3.375,2025-09-17
Longer Run,3.5,2025-09-17
Longer Run,3.625,2025-09-17
Longer Run,3.75,2025-09-17
Longer Run,3.875,2025-09-17
2025,3.375,2025-12-10
2025,3.625,2025-12-10
2025,3.625,2025-12-10
2025,3.625,2025-12-10
2025,3.625,2025-12-10
2025,3.625,2025-12-10
2025,3.625,2025-12-10
2025,3.625,2025-12-10
2025,3.625,2025-12-10
2025,3.625,2025-12-10
2025,3.625,2025-12-10
2025,3.625,2025-12-10
2025,3.875,2025-12-10
2025,3.875,2025-12-10
2025,3.875,2025-12-10
2025,3.875,2025-12-10
2025,3.875,2025-12-10
2025,3.875,2025-12-10
2026,2.125,2025-12-10
2026,2.625,2025-12-10
2026,2.875,2025-12-10
2026,2.875,2025-12-10
2026,3.125,2025-12-10
2026,3.125,2025-12-10
2026,3.125,2025-12-10
2026,3.125,2025-12-10
2026,3.375,2025-12-10
2026,3.375,2025-12-10
2026,3.375,2025-12-10
2026,3.375,2025-12-10
2026,3.625,2025-12-10
2026,3.625,2025-12-10
2026,3.625,2025-12-10
2026,3.875,2025-12-10
2026,3.875,2025-12-10
2026,3.875,2025-12-10
2027,2.375,2025-12-10
2027,2.625,2025-12-10
2027,2.625,2025-12-10
2027,2.875,2025-12-10
2027,2.875,2025-12-10
2027,2.875,2025-12-10
2027,3.125,2025-12-10
2027,3.125,2025-12-10
2027,3.125,2025-12-10
2027,3.125,2025-12-10
2027,3.125,2025-12-10
2027,3.125,2025-12-10
2027,3.375,2025-12-10
2027,3.375,2025-12-10
2027,3.375,2025-12-10
2027,3.625,2025-12-10
2027,3.625,2025-12-10
2027,3.875,2025-12-10
2027,3.875,2025-12-10
2028,2.625,2025-12-10
2028,2.625,2025-12-10
2028,2.625,2025-12-10
2028,2.75,2025-12-10
2028,2.875,2025-12-10
2028,2.875,2025-12-10
2028,2.875,2025-12-10
2028,3.125,2025-12-10
2028,3.125,2025-12-10
2028,3.125,2025-12-10
2028,3.125,2025-12-10
2028,3.125,2025-12-10
2028,3.125,2025-12-10
2028,3.375,2025-12-10
2028,3.375,2025-12-10
2028,3.625,2025-12-10
2028,3.625,2025-12-10
2028,3.875,2025-12-10
2028,3.875,2025-12-10
Longer Run,2.625,2025-12-10
Longer Run,2.625,2025-12-10
Longer Run,2.625,2025-12-10
Longer Run,2.75,2025-12-10
Longer Run,2.875,2025-12-10
Longer Run,3.0,2025-12-10
Longer Run,3.0,2025-12-10
Longer Run,3.0,2025-12-10
Longer Run,3.0,2025-12-10
Longer Run,3.0,2025-12-10
Longer Run,3.125,2025-12-10
Longer Run,3.125,2025-12-10
Longer Run,3.25,2025-12-10
Longer Run,3.375,2025-12-10
Longer Run,3.375,2025-12-10
Longer Run,3.5,2025-12-10
Longer Run,3.625,2025-12-10
Longer Run,3.75,2025-12-10
Longer Run,3.875,2025-12-10
2026,2.625,2026-03-18
2026,2.875,2026-03-18
2026,2.875,2026-03-18
2026,3.125,2026-03-18
2026,3.125,2026-03-18
2026,3.375,2026-03-18
2026,3.375,2026-03-18
2026,3.375,2026-03-18
2026,3.375,2026-03-18
2026,3.375,2026-03-18
2026,3.375,2026-03-18
2026,3.375,2026-03-18
2026,3.625,2026-03-18
2026,3.625,2026-03-18
2026,3.625,2026-03-18
2026,3.625,2026-03-18
2026,3.625,2026-03-18
2026,3.625,2026-03-18
2026,3.625,2026-03-18
2027,2.375,2026-03-18
2027,2.625,2026-03-18
2027,2.875,2026-03-18
2027,2.875,2026-03-18
2027,2.875,2026-03-18
2027,3.125,2026-03-18
2027,3.125,2026-03-18
2027,3.125,2026-03-18
2027,3.125,2026-03-18
2027,3.125,2026-03-18
2027,3.125,2026-03-18
2027,3.375,2026-03-18
2027,3.375,2026-03-18
2027,3.375,2026-03-18
2027,3.375,2026-03-18
2027,3.625,2026-03-18
2027,3.625,2026-03-18
2027,3.625,2026-03-18
2027,3.875,2026-03-18
2028,2.625,2026-03-18
2028,2.625,2026-03-18
2028,2.875,2026-03-18
2028,2.875,2026-03-18
2028,2.875,2026-03-18
2028,3.125,2026-03-18
2028,3.125,2026-03-18
2028,3.125,2026-03-18
2028,3.125,2026-03-18
2028,3.125,2026-03-18
2028,3.125,2026-03-18
2028,3.125,2026-03-18
2028,3.375,2026-03-18
2028,3.375,2026-03-18
2028,3.375,2026-03-18
2028,3.625,2026-03-18
2028,3.625,2026-03-18
2028,3.625,2026-03-18
2028,3.875,2026-03-18
Longer Run,2.625,2026-03-18
Longer Run,2.625,2026-03-18
Longer Run,2.875,2026-03-18
Longer Run,2.875,2026-03-18
Longer Run,3.0,2026-03-18
Longer Run,3.0,2026-03-18
Longer Run,3.0,2026-03-18
Longer Run,3.0,2026-03-18
Longer Run,3.0,2026-03-18
Longer Run,3.125,2026-03-18
Longer Run,3.125,2026-03-18
Longer Run,3.125,2026-03-18
Longer Run,3.25,2026-03-18
Longer Run,3.375,2026-03-18
Longer Run,3.375,2026-03-18
Longer Run,3.5,2026-03-18
Longer Run,3.625,2026-03-18
Longer Run,3.75,2026-03-18
Longer Run,3.875,2026-03-18
2026,3.375,2026-06-17
2026,3.625,2026-06-17
2026,3.625,2026-06-17
2026,3.625,2026-06-17
2026,3.625,2026-06-17
2026,3.625,2026-06-17
2026,3.625,2026-06-17
2026,3.625,2026-06-17
2026,3.625,2026-06-17
2026,3.875,2026-06-17
2026,3.875,2026-06-17
2026,3.875,2026-06-17
2026,4.125,2026-06-17
2026,4.125,2026-06-17
2026,4.125,2026-06-17
2026,4.125,2026-06-17
2026,4.125,2026-06-17
2026,4.375,2026-06-17
2027,2.875,2026-06-17
2027,3.125,2026-06-17
2027,3.125,2026-06-17
2027,3.125,2026-06-17
2027,3.125,2026-06-17
2027,3.375,2026-06-17
2027,3.375,2026-06-17
2027,3.375,2026-06-17
2027,3.625,2026-06-17
2027,3.625,2026-06-17
2027,3.875,2026-06-17
2027,3.875,2026-06-17
2027,3.875,2026-06-17
2027,3.875,2026-06-17
2027,3.875,2026-06-17
2027,4.125,2026-06-17
2027,4.125,2026-06-17
2027,4.375,2026-06-17
2028,2.875,2026-06-17
2028,3.125,2026-06-17
2028,3.125,2026-06-17
2028,3.125,2026-06-17
2028,3.125,2026-06-17
2028,3.125,2026-06-17
2028,3.125,2026-06-17
2028,3.375,2026-06-17
2028,3.375,2026-06-17
2028,3.625,2026-06-17
2028,3.625,2026-06-17
2028,3.625,2026-06-17
2028,3.625,2026-06-17
2028,3.625,2026-06-17
2028,3.875,2026-06-17
2028,3.875,2026-06-17
2028,3.875,2026-06-17
Longer Run,2.875,2026-06-17
Longer Run,2.875,2026-06-17
Longer Run,3.0,2026-06-17
Longer Run,3.0,2026-06-17
Longer Run,3.0,2026-06-17
Longer Run,3.0,2026-06-17
Longer Run,3.0,2026-06-17
Longer Run,3.0,2026-06-17
Longer Run,3.0,2026-06-17
Longer Run,3.125,2026-06-17
Longer Run,3.125,2026-06-17
Longer Run,3.25,2026-06-17
Longer Run,3.375,2026-06-17
Longer Run,3.375,2026-06-17
Longer Run,3.5,2026-06-17
Longer Run,3.625,2026-06-17
Longer Run,3.75,2026-06-17
Longer Run,3.875,2026-06-17
